data,ibov,bcom
2010-01-04,70045.0,43.099998474121094
2010-01-05,70240.0,43.15999984741211
2010-01-06,70729.0,43.880001068115234
2010-01-07,70451.0,43.33000183105469
2010-01-08,70263.0,43.279998779296875
2010-01-11,70433.0,43.06999969482422
2010-01-12,70076.0,41.95000076293945
2010-01-13,70385.0,42.470001220703125
2010-01-14,69801.0,42.27000045776367
2010-01-15,68978.0,41.79999923706055
2010-01-19,69909.0,42.0
2010-01-20,68200.0,41.27000045776367
2010-01-21,66270.0,41.0
2010-01-22,66220.0,40.66999816894531
2010-01-26,65524.0,40.290000915527344
2010-01-27,65070.0,39.470001220703125
2010-01-28,65588.0,39.34000015258789
2010-01-29,65402.0,38.91999816894531
2010-02-01,66572.0,39.58000183105469
2010-02-02,67163.0,40.220001220703125
2010-02-03,67109.0,39.63999938964844
2010-02-04,63934.0,38.7599983215332
2010-02-05,62763.0,38.470001220703125
2010-02-08,63153.0,38.5099983215332
2010-02-09,64718.0,39.06999969482422
2010-02-10,65051.0,39.279998779296875
2010-02-11,66129.0,39.79999923706055
2010-02-12,65855.0,39.52000045776367
2010-02-17,67285.0,40.5
2010-02-18,67836.0,40.619998931884766
2010-02-19,67597.0,40.75
2010-02-22,67184.0,40.619998931884766
2010-02-23,66108.0,39.939998626708984
2010-02-24,65795.0,40.33000183105469
2010-02-25,66121.0,39.849998474121094
2010-02-26,66503.0,40.459999084472656
2010-03-01,67228.0,40.22999954223633
2010-03-02,67779.0,40.630001068115234
2010-03-03,67641.0,41.040000915527344
2010-03-04,67815.0,40.5099983215332
2010-03-05,68847.0,40.70000076293945
2010-03-08,68575.0,40.68000030517578
2010-03-09,69576.0,40.400001525878906
2010-03-10,69979.0,40.38999938964844
2010-03-11,69885.0,40.130001068115234
2010-03-12,69341.0,40.0099983215332
2010-03-15,69024.0,39.70000076293945
2010-03-16,69942.0,40.15999984741211
2010-03-17,69723.0,40.459999084472656
2010-03-18,69697.0,40.31999969482422
2010-03-19,68829.0,39.97999954223633
2010-03-22,69042.0,39.90999984741211
2010-03-23,69387.0,39.779998779296875
2010-03-24,68913.0,39.349998474121094
2010-03-25,68442.0,39.060001373291016
2010-03-26,68683.0,39.2400016784668
2010-03-29,69939.0,39.959999084472656
2010-03-30,69960.0,40.06999969482422
2010-03-31,70372.0,39.86000061035156
2010-04-01,71136.0,40.5
2010-04-05,71290.0,41.02000045776367
2010-04-06,71096.0,40.849998474121094
2010-04-07,70793.0,40.779998779296875
2010-04-08,71785.0,40.5099983215332
2010-04-09,71417.0,40.709999084472656
2010-04-12,70614.0,40.59000015258789
2010-04-13,70792.0,40.86000061035156
2010-04-14,71035.0,41.25
2010-04-15,70524.0,41.36000061035156
2010-04-16,69421.0,40.83000183105469
2010-04-19,69098.0,40.31999969482422
2010-04-20,69318.0,40.61000061035156
2010-04-22,69386.0,40.93000030517578
2010-04-23,69509.0,41.150001525878906
2010-04-26,68872.0,40.9900016784668
2010-04-27,66511.0,40.189998626708984
2010-04-28,66656.0,40.40999984741211
2010-04-29,67978.0,40.38999938964844
2010-04-30,67530.0,40.619998931884766
2010-05-03,67119.0,40.66999816894531
2010-05-04,64869.0,39.84000015258789
2010-05-05,64914.0,39.220001220703125
2010-05-06,63414.0,38.540000915527344
2010-05-07,62871.0,38.7400016784668
2010-05-10,65453.0,39.2599983215332
2010-05-11,64425.0,39.209999084472656
2010-05-12,65224.0,39.540000915527344
2010-05-13,64788.0,39.380001068115234
2010-05-14,63412.0,38.56999969482422
2010-05-17,62866.0,37.720001220703125
2010-05-18,60841.0,37.7599983215332
2010-05-19,59689.0,37.45000076293945
2010-05-20,58192.0,36.93000030517578
2010-05-21,60259.0,37.150001525878906
2010-05-24,59915.0,37.2400016784668
2010-05-25,59184.0,36.939998626708984
2010-05-26,60190.0,37.25
2010-05-27,62092.0,38.189998626708984
2010-05-28,61947.0,37.75
2010-06-01,61841.0,37.150001525878906
2010-06-02,62943.0,37.38999938964844
2010-06-04,61676.0,36.599998474121094
2010-06-07,61183.0,36.68000030517578
2010-06-08,61856.0,36.939998626708984
2010-06-09,61479.0,37.06999969482422
2010-06-10,63049.0,37.439998626708984
2010-06-11,63605.0,37.709999084472656
2010-06-14,63533.0,38.16999816894531
2010-06-15,64442.0,38.86000061035156
2010-06-16,64751.0,38.7599983215332
2010-06-17,64541.0,38.720001220703125
2010-06-18,64438.0,38.720001220703125
2010-06-21,64829.0,38.47999954223633
2010-06-22,64811.0,38.45000076293945
2010-06-23,65160.0,37.97999954223633
2010-06-24,63937.0,38.209999084472656
2010-06-25,64824.0,38.779998779296875
2010-06-28,64225.0,38.349998474121094
2010-06-29,61978.0,37.310001373291016
2010-06-30,60936.0,37.63999938964844
2010-07-01,61236.0,37.40999984741211
2010-07-02,61430.0,37.36000061035156
2010-07-06,62065.0,37.27000045776367
2010-07-07,63284.0,38.040000915527344
2010-07-08,63476.0,38.119998931884766
2010-07-12,62960.0,37.83000183105469
2010-07-13,63686.0,38.189998626708984
2010-07-14,63479.0,38.2599983215332
2010-07-15,63489.0,38.849998474121094
2010-07-16,62339.0,38.400001525878906
2010-07-19,63297.0,38.2599983215332
2010-07-20,64463.0,38.459999084472656
2010-07-21,64477.0,38.40999984741211
2010-07-22,65748.0,39.15999984741211
2010-07-23,66323.0,39.099998474121094
2010-07-26,66443.0,39.029998779296875
2010-07-27,66674.0,38.779998779296875
2010-07-28,66808.0,39.09000015258789
2010-07-29,66954.0,39.68000030517578
2010-07-30,67515.0,40.34000015258789
2010-08-02,68517.0,40.869998931884766
2010-08-03,67997.0,40.81999969482422
2010-08-04,68272.0,41.29999923706055
2010-08-05,68412.0,41.33000183105469
2010-08-06,68095.0,40.84000015258789
2010-08-09,67862.0,40.7599983215332
2010-08-10,67223.0,40.349998474121094
2010-08-11,65790.0,39.77000045776367
2010-08-12,65966.0,40.0
2010-08-13,66264.0,40.02000045776367
2010-08-16,66702.0,39.7400016784668
2010-08-17,67584.0,40.09000015258789
2010-08-18,67638.0,40.040000915527344
2010-08-19,66887.0,39.81999969482422
2010-08-20,66677.0,39.560001373291016
2010-08-23,65982.0,39.45000076293945
2010-08-24,65156.0,38.880001068115234
2010-08-25,64803.0,38.81999969482422
2010-08-26,63867.0,39.130001068115234
2010-08-27,65585.0,39.63999938964844
2010-08-30,64261.0,39.7599983215332
2010-08-31,65145.0,39.36000061035156
2010-09-01,67073.0,39.86000061035156
2010-09-02,66808.0,40.20000076293945
2010-09-03,66679.0,40.61000061035156
2010-09-08,66407.0,40.7599983215332
2010-09-09,66624.0,40.619998931884766
2010-09-10,66807.0,40.84000015258789
2010-09-13,68031.0,41.29999923706055
2010-09-14,67692.0,41.540000915527344
2010-09-15,68107.0,41.470001220703125
2010-09-16,67663.0,41.40999984741211
2010-09-17,67089.0,41.689998626708984
2010-09-20,68190.0,41.66999816894531
2010-09-21,67719.0,41.41999816894531
2010-09-22,68325.0,41.66999816894531
2010-09-23,68794.0,41.66999816894531
2010-09-24,68196.0,42.27000045776367
2010-09-27,68816.0,42.119998931884766
2010-09-28,69228.0,42.119998931884766
2010-09-29,69228.0,42.2400016784668
2010-09-30,69430.0,42.279998779296875
2010-10-01,70229.0,41.95000076293945
2010-10-04,70385.0,41.720001220703125
2010-10-05,71283.0,42.560001373291016
2010-10-06,70541.0,42.689998626708984
2010-10-07,69918.0,42.150001525878906
2010-10-08,70809.0,43.939998626708984
2010-10-11,70946.0,43.779998779296875
2010-10-13,71675.0,44.310001373291016
2010-10-14,71692.0,44.41999816894531
2010-10-15,71830.0,43.93000030517578
2010-10-18,71736.0,44.400001525878906
2010-10-19,69864.0,43.13999938964844
2010-10-20,70405.0,44.119998931884766
2010-10-21,69652.0,43.599998474121094
2010-10-22,69530.0,43.79999923706055
2010-10-25,69580.0,44.189998626708984
2010-10-26,70740.0,44.40999984741211
2010-10-27,70569.0,44.130001068115234
2010-10-28,70320.0,44.33000183105469
2010-10-29,70673.0,44.470001220703125
2010-11-01,71561.0,44.470001220703125
2010-11-03,71905.0,44.869998931884766
2010-11-04,72996.0,46.130001068115234
2010-11-05,72607.0,46.369998931884766
2010-11-08,72657.0,46.61000061035156
2010-11-09,71679.0,46.630001068115234
2010-11-10,71638.0,46.709999084472656
2010-11-11,71195.0,46.5
2010-11-12,70367.0,44.65999984741211
2010-11-16,69192.0,43.220001220703125
2010-11-17,69709.0,43.11000061035156
2010-11-18,70781.0,44.31999969482422
2010-11-19,70898.0,43.81999969482422
2010-11-22,69633.0,43.91999816894531
2010-11-23,67953.0,43.790000915527344
2010-11-24,69629.0,44.41999816894531
2010-11-26,68226.0,44.220001220703125
2010-11-29,67908.0,44.369998931884766
2010-11-30,67705.0,44.27000045776367
2010-12-01,69346.0,45.560001373291016
2010-12-02,69527.0,45.880001068115234
2010-12-03,69766.0,46.63999938964844
2010-12-06,69552.0,46.66999816894531
2010-12-07,69338.0,46.20000076293945
2010-12-08,68175.0,46.65999984741211
2010-12-09,67879.0,46.43000030517578
2010-12-10,68342.0,46.41999816894531
2010-12-13,69126.0,47.11000061035156
2010-12-14,68743.0,46.970001220703125
2010-12-15,67870.0,46.630001068115234
2010-12-16,67306.0,46.41999816894531
2010-12-17,67981.0,46.93000030517578
2010-12-20,67264.0,47.52000045776367
2010-12-21,68215.0,47.720001220703125
2010-12-22,68471.0,47.9900016784668
2010-12-23,68486.0,48.060001373291016
2010-12-27,67803.0,48.11000061035156
2010-12-28,68041.0,48.630001068115234
2010-12-29,68952.0,48.58000183105469
2010-12-30,69305.0,48.27000045776367
2011-01-03,69962.0,49.189998626708984
2011-01-04,70318.0,48.43000030517578
2011-01-05,71091.0,48.63999938964844
2011-01-06,70579.0,48.029998779296875
2011-01-07,70057.0,47.810001373291016
2011-01-10,70127.0,48.04999923706055
2011-01-11,70423.0,48.56999969482422
2011-01-12,71633.0,49.2400016784668
2011-01-13,70721.0,48.849998474121094
2011-01-14,70940.0,48.959999084472656
2011-01-18,70920.0,49.040000915527344
2011-01-19,70058.0,48.93000030517578
2011-01-20,69562.0,48.619998931884766
2011-01-21,69133.0,49.0099983215332
2011-01-24,69427.0,48.599998474121094
2011-01-26,68709.0,48.72999954223633
2011-01-27,68051.0,48.209999084472656
2011-01-28,66698.0,48.810001373291016
2011-01-31,66575.0,49.540000915527344
2011-02-01,67847.0,49.83000183105469
2011-02-02,66688.0,50.130001068115234
2011-02-03,66765.0,49.81999969482422
2011-02-04,65269.0,49.63999938964844
2011-02-07,65362.0,49.20000076293945
2011-02-08,65771.0,49.400001525878906
2011-02-09,64218.0,49.630001068115234
2011-02-10,64578.0,49.470001220703125
2011-02-11,65756.0,49.220001220703125
2011-02-14,66558.0,49.31999969482422
2011-02-15,66341.0,48.900001525878906
2011-02-16,67571.0,49.029998779296875
2011-02-17,67685.0,49.52000045776367
2011-02-18,68067.0,49.27000045776367
2011-02-22,66440.0,48.7599983215332
2011-02-23,66910.0,49.529998779296875
2011-02-24,66949.0,48.88999938964844
2011-02-25,66903.0,50.119998931884766
2011-02-28,67383.0,50.33000183105469
2011-03-01,66243.0,50.540000915527344
2011-03-02,67282.0,50.81999969482422
2011-03-03,68146.0,50.970001220703125
2011-03-04,68012.0,51.290000915527344
2011-03-09,67264.0,50.40999984741211
2011-03-10,66041.0,49.650001525878906
2011-03-11,66685.0,49.380001068115234
2011-03-14,67169.0,49.349998474121094
2011-03-15,67005.0,47.709999084472656
2011-03-16,66003.0,47.75
2011-03-17,66216.0,49.36000061035156
2011-03-18,66880.0,49.9900016784668
2011-03-21,66690.0,50.11000061035156
2011-03-22,67578.0,50.5
2011-03-23,67796.0,50.75
2011-03-24,67533.0,50.869998931884766
2011-03-25,67766.0,51.16999816894531
2011-03-28,67193.0,50.33000183105469
2011-03-29,67419.0,50.38999938964844
2011-03-30,67997.0,50.36000061035156
2011-03-31,68587.0,51.349998474121094
2011-04-01,69268.0,51.4900016784668
2011-04-04,69704.0,51.7400016784668
2011-04-05,69838.0,51.720001220703125
2011-04-06,69037.0,51.93000030517578
2011-04-07,69176.0,51.90999984741211
2011-04-08,68718.0,52.709999084472656
2011-04-11,68164.0,52.099998474121094
2011-04-12,66896.0,51.11000061035156
2011-04-13,66486.0,51.25
2011-04-14,66279.0,51.540000915527344
2011-04-15,66684.0,51.61000061035156
2011-04-18,65415.0,51.47999954223633
2011-04-19,66158.0,51.77000045776367
2011-04-20,67058.0,52.34000015258789
2011-04-25,66972.0,52.66999816894531
2011-04-26,67144.0,52.529998779296875
2011-04-27,66264.0,52.68000030517578
2011-04-28,65673.0,52.40999984741211
2011-04-29,66133.0,53.11000061035156
2011-05-02,65463.0,52.470001220703125
2011-05-03,64318.0,52.09000015258789
2011-05-04,63616.0,51.040000915527344
2011-05-05,63407.0,48.25
2011-05-06,64417.0,48.220001220703125
2011-05-09,64622.0,49.31999969482422
2011-05-10,64877.0,49.66999816894531
2011-05-11,63776.0,48.13999938964844
2011-05-12,64003.0,48.22999954223633
2011-05-13,63235.0,48.22999954223633
2011-05-16,62830.0,47.900001525878906
2011-05-17,63673.0,48.09000015258789
2011-05-18,62841.0,49.02000045776367
2011-05-19,62367.0,48.5099983215332
2011-05-20,62597.0,48.9900016784668
2011-05-23,62345.0,48.40999984741211
2011-05-24,63337.0,48.75
2011-05-25,63388.0,49.41999816894531
2011-05-26,64099.0,49.5099983215332
2011-05-27,64295.0,49.9900016784668
2011-05-31,64620.0,50.33000183105469
2011-06-01,63411.0,49.72999954223633
2011-06-02,64218.0,50.150001525878906
2011-06-03,64341.0,50.150001525878906
2011-06-06,63068.0,49.619998931884766
2011-06-07,63218.0,49.869998931884766
2011-06-08,63033.0,50.310001373291016
2011-06-09,63469.0,50.400001525878906
2011-06-10,62697.0,49.91999816894531
2011-06-13,62023.0,49.29999923706055
2011-06-14,62205.0,49.58000183105469
2011-06-15,61604.0,48.689998626708984
2011-06-16,60881.0,48.209999084472656
2011-06-17,61060.0,47.95000076293945
2011-06-20,61168.0,47.900001525878906
2011-06-21,61424.0,48.25
2011-06-22,61194.0,47.939998626708984
2011-06-24,61017.0,46.77000045776367
2011-06-27,61217.0,46.58000183105469
2011-06-28,62303.0,47.36000061035156
2011-06-29,62334.0,47.959999084472656
2011-06-30,62404.0,47.22999954223633
2011-07-01,63394.0,47.209999084472656
2011-07-05,63039.0,47.939998626708984
2011-07-06,62565.0,47.790000915527344
2011-07-07,62207.0,48.529998779296875
2011-07-08,61513.0,48.41999816894531
2011-07-11,60224.0,48.209999084472656
2011-07-12,59705.0,48.77000045776367
2011-07-13,60670.0,49.58000183105469
2011-07-14,59679.0,49.27000045776367
2011-07-15,59478.0,49.650001525878906
2011-07-18,58838.0,49.470001220703125
2011-07-19,59082.0,49.70000076293945
2011-07-20,59120.0,49.630001068115234
2011-07-21,60263.0,49.40999984741211
2011-07-22,60270.0,49.83000183105469
2011-07-25,59971.0,49.70000076293945
2011-07-26,59340.0,50.02000045776367
2011-07-27,58288.0,49.65999984741211
2011-07-28,58708.0,49.52000045776367
2011-07-29,58823.0,49.130001068115234
2011-08-01,58536.0,49.130001068115234
2011-08-02,57311.0,49.33000183105469
2011-08-03,56017.0,48.790000915527344
2011-08-04,52811.0,47.22999954223633
2011-08-05,52949.0,46.9900016784668
2011-08-08,48668.0,45.650001525878906
2011-08-09,51151.0,46.29999923706055
2011-08-10,51395.0,46.29999923706055
2011-08-11,53343.0,47.439998626708984
2011-08-12,53473.0,47.209999084472656
2011-08-15,54652.0,47.709999084472656
2011-08-16,54324.0,47.68000030517578
2011-08-17,55073.0,48.06999969482422
2011-08-18,53134.0,47.06999969482422
2011-08-19,52448.0,47.779998779296875
2011-08-22,52440.0,48.11000061035156
2011-08-23,53787.0,48.45000076293945
2011-08-24,53796.0,47.689998626708984
2011-08-25,52953.0,47.91999816894531
2011-08-26,53351.0,48.619998931884766
2011-08-29,54861.0,48.65999984741211
2011-08-30,55385.0,49.2400016784668
2011-08-31,56495.0,49.470001220703125
2011-09-01,58118.0,49.09000015258789
2011-09-02,56532.0,49.06999969482422
2011-09-06,56607.0,48.720001220703125
2011-09-08,57624.0,49.0
2011-09-09,55778.0,48.34000015258789
2011-09-12,55685.0,48.2599983215332
2011-09-13,55544.0,48.29999923706055
2011-09-14,56286.0,48.060001373291016
2011-09-15,56381.0,47.70000076293945
2011-09-16,57210.0,47.279998779296875
2011-09-19,57103.0,46.58000183105469
2011-09-20,56379.0,46.41999816894531
2011-09-21,55982.0,45.58000183105469
2011-09-22,53280.0,43.900001525878906
2011-09-23,53230.0,42.88999938964844
2011-09-26,53748.0,43.18000030517578
2011-09-27,53920.0,43.90999984741211
2011-09-28,53270.0,42.459999084472656
2011-09-29,53385.0,43.2400016784668
2011-09-30,52324.0,41.7400016784668
2011-10-03,50792.0,41.630001068115234
2011-10-04,50686.0,41.560001373291016
2011-10-05,51014.0,42.06999969482422
2011-10-06,52290.0,42.7400016784668
2011-10-07,51244.0,42.369998931884766
2011-10-10,53273.0,43.33000183105469
2011-10-11,53838.0,43.689998626708984
2011-10-13,54601.0,43.58000183105469
2011-10-14,55030.0,44.47999954223633
2011-10-17,53911.0,44.02000045776367
2011-10-18,55032.0,44.060001373291016
2011-10-19,54966.0,43.220001220703125
2011-10-20,54010.0,43.029998779296875
2011-10-21,55255.0,43.43000030517578
2011-10-24,56892.0,44.31999969482422
2011-10-25,56286.0,44.59000015258789
2011-10-26,57144.0,44.29999923706055
2011-10-27,59270.0,45.310001373291016
2011-10-28,59513.0,45.380001068115234
2011-10-31,58338.0,44.7400016784668
2011-11-01,57323.0,44.150001525878906
2011-11-03,58196.0,44.88999938964844
2011-11-04,58670.0,44.93000030517578
2011-11-07,59199.0,45.119998931884766
2011-11-08,59026.0,45.279998779296875
2011-11-09,57550.0,44.459999084472656
2011-11-10,57322.0,44.38999938964844
2011-11-11,58547.0,44.70000076293945
2011-11-14,58258.0,44.2599983215332
2011-11-16,58560.0,44.41999816894531
2011-11-17,56989.0,43.43000030517578
2011-11-18,56731.0,43.34000015258789
2011-11-21,56285.0,42.93000030517578
2011-11-22,55878.0,43.040000915527344
2011-11-23,54972.0,42.560001373291016
2011-11-25,54894.0,42.209999084472656
2011-11-28,56017.0,42.689998626708984
2011-11-29,55300.0,43.189998626708984
2011-11-30,56875.0,43.849998474121094
2011-12-01,58143.0,43.61000061035156
2011-12-02,57886.0,43.81999969482422
2011-12-05,58910.0,43.41999816894531
2011-12-06,59536.0,43.61000061035156
2011-12-07,58663.0,43.279998779296875
2011-12-08,57455.0,42.720001220703125
2011-12-09,58236.0,42.75
2011-12-12,57347.0,42.060001373291016
2011-12-13,57495.0,42.09000015258789
2011-12-14,56647.0,40.72999954223633
2011-12-15,56331.0,40.5099983215332
2011-12-16,56097.0,40.880001068115234
2011-12-19,55298.0,40.880001068115234
2011-12-20,56865.0,41.810001373291016
2011-12-21,56653.0,42.130001068115234
2011-12-22,57348.0,42.2599983215332
2011-12-23,57701.0,42.31999969482422
2011-12-27,58005.0,42.599998474121094
2011-12-28,56534.0,42.130001068115234
2011-12-29,56754.0,42.060001373291016
2012-01-03,59265.0,43.2599983215332
2012-01-04,59365.0,43.2599983215332
2012-01-05,58546.0,42.560001373291016
2012-01-06,58600.0,42.72999954223633
2012-01-09,59083.0,42.869998931884766
2012-01-10,59806.0,43.130001068115234
2012-01-11,59962.0,42.86000061035156
2012-01-12,59921.0,42.2599983215332
2012-01-13,59147.0,42.0099983215332
2012-01-17,60646.0,42.25
2012-01-18,61723.0,42.2400016784668
2012-01-19,61927.0,42.279998779296875
2012-01-20,62312.0,42.22999954223633
2012-01-23,62386.0,42.9900016784668
2012-01-24,62486.0,43.0099983215332
2012-01-26,62953.0,43.7400016784668
2012-01-27,62904.0,43.970001220703125
2012-01-30,62770.0,43.29999923706055
2012-01-31,63072.0,43.0
2012-02-01,64567.0,43.040000915527344
2012-02-02,64593.0,43.15999984741211
2012-02-03,65217.0,43.470001220703125
2012-02-06,65224.0,43.65999984741211
2012-02-07,65917.0,43.650001525878906
2012-02-08,65831.0,43.599998474121094
2012-02-09,65530.0,43.70000076293945
2012-02-10,63998.0,43.25
2012-02-13,65692.0,43.36000061035156
2012-02-14,65039.0,43.31999969482422
2012-02-15,65368.0,43.25
2012-02-16,66142.0,43.38999938964844
2012-02-17,66204.0,43.58000183105469
2012-02-23,65820.0,44.40999984741211
2012-02-24,65943.0,44.630001068115234
2012-02-27,65241.0,44.45000076293945
2012-02-28,65959.0,44.5099983215332
2012-02-29,65812.0,44.220001220703125
2012-03-01,66810.0,44.560001373291016
2012-03-02,67782.0,44.25
2012-03-05,66964.0,43.84000015258789
2012-03-06,65114.0,43.0
2012-03-07,66017.0,42.900001525878906
2012-03-08,66908.0,43.150001525878906
2012-03-09,66704.0,43.45000076293945
2012-03-12,66385.0,43.27000045776367
2012-03-13,68394.0,43.58000183105469
2012-03-14,68257.0,43.130001068115234
2012-03-15,67749.0,43.40999984741211
2012-03-16,67684.0,43.70000076293945
2012-03-19,67730.0,43.709999084472656
2012-03-20,67296.0,43.06999969482422
2012-03-21,66860.0,42.9900016784668
2012-03-22,65828.0,42.61000061035156
2012-03-23,65813.0,42.91999816894531
2012-03-26,66685.0,43.11000061035156
2012-03-27,66037.0,42.86000061035156
2012-03-28,65079.0,42.439998626708984
2012-03-29,64872.0,41.77000045776367
2012-03-30,64511.0,42.31999969482422
2012-04-02,65216.0,42.84000015258789
2012-04-03,64284.0,42.63999938964844
2012-04-04,63529.0,42.04999923706055
2012-04-05,63691.0,42.15999984741211
2012-04-09,62923.0,41.959999084472656
2012-04-10,61738.0,41.45000076293945
2012-04-11,61293.0,41.560001373291016
2012-04-12,63058.0,42.11000061035156
2012-04-13,62106.0,41.5099983215332
2012-04-16,61955.0,41.18000030517578
2012-04-17,62699.0,41.2400016784668
2012-04-18,63010.0,40.79999923706055
2012-04-19,62618.0,40.93000030517578
2012-04-20,62494.0,41.099998474121094
2012-04-23,61539.0,41.119998931884766
2012-04-24,61971.0,41.09000015258789
2012-04-25,61750.0,41.36000061035156
2012-04-26,62198.0,41.58000183105469
2012-04-27,61691.0,41.849998474121094
2012-04-30,61820.0,42.119998931884766
2012-05-02,62424.0,41.45000076293945
2012-05-03,62104.0,41.22999954223633
2012-05-04,60821.0,40.77000045776367
2012-05-07,61220.0,40.83000183105469
2012-05-08,60365.0,40.619998931884766
2012-05-09,59786.0,40.31999969482422
2012-05-10,59702.0,40.29999923706055
2012-05-11,59445.0,39.959999084472656
2012-05-14,57540.0,39.349998474121094
2012-05-15,56238.0,39.54999923706055
2012-05-16,55888.0,39.849998474121094
2012-05-17,54038.0,40.08000183105469
2012-05-18,54513.0,40.22999954223633
2012-05-21,56590.0,40.41999816894531
2012-05-22,55039.0,39.7599983215332
2012-05-23,54619.0,39.43000030517578
2012-05-24,54063.0,39.33000183105469
2012-05-25,54463.0,39.29999923706055
2012-05-29,54633.0,38.90999984741211
2012-05-30,53798.0,38.31999969482422
2012-05-31,54490.0,38.02000045776367
2012-06-01,53403.0,37.599998474121094
2012-06-04,53417.0,37.86000061035156
2012-06-05,52481.0,37.77000045776367
2012-06-06,54156.0,38.349998474121094
2012-06-08,54430.0,38.209999084472656
2012-06-11,54001.0,37.77000045776367
2012-06-12,55049.0,37.900001525878906
2012-06-13,55651.0,37.650001525878906
2012-06-14,55352.0,38.2599983215332
2012-06-15,56105.0,38.16999816894531
2012-06-18,56195.0,38.540000915527344
2012-06-19,57195.0,38.93000030517578
2012-06-20,57167.0,38.54999923706055
2012-06-21,55505.0,37.790000915527344
2012-06-22,55440.0,38.06999969482422
2012-06-25,53805.0,38.68000030517578
2012-06-26,53837.0,38.90999984741211
2012-06-27,53109.0,39.13999938964844
2012-06-28,52652.0,38.84000015258789
2012-06-29,54355.0,40.18000030517578
2012-07-02,54693.0,40.290000915527344
2012-07-03,55780.0,41.36000061035156
2012-07-05,56379.0,41.630001068115234
2012-07-06,55394.0,40.650001525878906
2012-07-10,53706.0,40.810001373291016
2012-07-11,53569.0,41.119998931884766
2012-07-12,53421.0,41.2400016784668
2012-07-13,54331.0,41.790000915527344
2012-07-16,53402.0,42.2599983215332
2012-07-17,53909.0,42.08000183105469
2012-07-18,54583.0,42.70000076293945
2012-07-19,55347.0,43.47999954223633
2012-07-20,54195.0,43.54999923706055
2012-07-23,53034.0,42.7599983215332
2012-07-24,52639.0,42.290000915527344
2012-07-25,52608.0,42.56999969482422
2012-07-26,54003.0,42.369998931884766
2012-07-27,56553.0,42.79999923706055
2012-07-30,57241.0,43.36000061035156
2012-07-31,56097.0,42.93000030517578
2012-08-01,55623.0,42.68000030517578
2012-08-02,55520.0,41.959999084472656
2012-08-03,57255.0,42.529998779296875
2012-08-06,58345.0,42.599998474121094
2012-08-07,57726.0,42.709999084472656
2012-08-08,58951.0,42.84000015258789
2012-08-09,58797.0,43.08000183105469
2012-08-10,59281.0,42.709999084472656
2012-08-13,59123.0,42.130001068115234
2012-08-14,58083.0,42.16999816894531
2012-08-15,58189.0,42.34000015258789
2012-08-16,59446.0,42.41999816894531
2012-08-17,59082.0,42.619998931884766
2012-08-20,59283.0,42.90999984741211
2012-08-21,58918.0,43.380001068115234
2012-08-22,59381.0,43.59000015258789
2012-08-23,58512.0,43.41999816894531
2012-08-24,58426.0,43.22999954223633
2012-08-27,58111.0,42.9900016784668
2012-08-28,58406.0,42.939998626708984
2012-08-29,57369.0,43.15999984741211
2012-08-30,57256.0,43.16999816894531
2012-08-31,57061.0,43.529998779296875
2012-09-04,56234.0,43.68000030517578
2012-09-05,56864.0,43.40999984741211
2012-09-06,58321.0,43.400001525878906
2012-09-10,58404.0,43.9900016784668
2012-09-11,59423.0,44.2400016784668
2012-09-12,59922.0,44.5
2012-09-13,61958.0,44.880001068115234
2012-09-14,62105.0,45.31999969482422
2012-09-17,61806.0,44.130001068115234
2012-09-18,61804.0,43.93000030517578
2012-09-19,61652.0,43.790000915527344
2012-09-20,61688.0,43.63999938964844
2012-09-21,61320.0,44.0
2012-09-24,61910.0,43.58000183105469
2012-09-25,60501.0,43.689998626708984
2012-09-26,60478.0,43.310001373291016
2012-09-27,60240.0,43.779998779296875
2012-09-28,59176.0,44.209999084472656
2012-10-01,59571.0,44.40999984741211
2012-10-02,59222.0,44.349998474121094
2012-10-03,58627.0,43.790000915527344
2012-10-04,58458.0,44.290000915527344
2012-10-05,58572.0,43.939998626708984
2012-10-08,59317.0,43.77000045776367
2012-10-09,58939.0,43.95000076293945
2012-10-10,58456.0,43.72999954223633
2012-10-11,59162.0,44.31999969482422
2012-10-15,59602.0,43.2400016784668
2012-10-16,59744.0,43.33000183105469
2012-10-17,60087.0,43.630001068115234
2012-10-18,59734.0,43.88999938964844
2012-10-19,58922.0,43.470001220703125
2012-10-22,58700.0,43.20000076293945
2012-10-23,57690.0,42.83000183105469
2012-10-24,57161.0,42.709999084472656
2012-10-25,57837.0,42.65999984741211
2012-10-26,57277.0,42.459999084472656
2012-10-31,57068.0,42.349998474121094
2012-11-01,58383.0,42.439998626708984
2012-11-05,58210.0,41.66999816894531
2012-11-06,59459.0,42.33000183105469
2012-11-07,58517.0,41.86000061035156
2012-11-08,57524.0,42.029998779296875
2012-11-09,57358.0,41.81999969482422
2012-11-12,57064.0,41.630001068115234
2012-11-13,57486.0,41.779998779296875
2012-11-14,56279.0,41.90999984741211
2012-11-16,55402.0,41.79999923706055
2012-11-19,56451.0,42.36000061035156
2012-11-21,56242.0,42.540000915527344
2012-11-23,57574.0,42.86000061035156
2012-11-26,56737.0,42.58000183105469
2012-11-27,56248.0,42.77000045776367
2012-11-28,56539.0,42.56999969482422
2012-11-29,57853.0,42.59000015258789
2012-11-30,57475.0,42.47999954223633
2012-12-03,58202.0,42.59000015258789
2012-12-04,57563.0,42.27000045776367
2012-12-05,57679.0,42.56999969482422
2012-12-06,57656.0,42.29999923706055
2012-12-07,58487.0,42.060001373291016
2012-12-10,59248.0,41.88999938964844
2012-12-11,59623.0,41.84000015258789
2012-12-12,59474.0,41.849998474121094
2012-12-13,59317.0,41.470001220703125
2012-12-14,59605.0,41.72999954223633
2012-12-17,59567.0,41.709999084472656
2012-12-18,60461.0,41.630001068115234
2012-12-19,60998.0,41.38999938964844
2012-12-20,61276.0,41.18000030517578
2012-12-21,61007.0,41.33000183105469
2012-12-26,60960.0,41.2400016784668
2012-12-27,60416.0,41.290000915527344
2012-12-28,60952.0,41.29999923706055
2013-01-02,62550.0,41.43000030517578
2013-01-03,63312.0,41.0
2013-01-04,62523.0,40.95000076293945
2013-01-07,61933.0,41.0
2013-01-08,61128.0,40.900001525878906
2013-01-09,61579.0,40.77000045776367
2013-01-10,61678.0,41.04999923706055
2013-01-11,61497.0,41.15999984741211
2013-01-14,62081.0,41.47999954223633
2013-01-15,61728.0,41.52000045776367
2013-01-16,61787.0,41.560001373291016
2013-01-17,62194.0,41.779998779296875
2013-01-18,61956.0,41.97999954223633
2013-01-22,61692.0,42.13999938964844
2013-01-23,61966.0,41.97999954223633
2013-01-24,61170.0,41.84000015258789
2013-01-28,60027.0,41.599998474121094
2013-01-29,60406.0,41.7599983215332
2013-01-30,59337.0,42.369998931884766
2013-01-31,59761.0,42.29999923706055
2013-02-01,60351.0,42.31999969482422
2013-02-04,59576.0,42.220001220703125
2013-02-05,59445.0,42.38999938964844
2013-02-06,58951.0,42.290000915527344
2013-02-07,58372.0,41.84000015258789
2013-02-08,58498.0,41.86000061035156
2013-02-13,58406.0,41.58000183105469
2013-02-14,58077.0,41.349998474121094
2013-02-15,57903.0,41.189998626708984
2013-02-19,57314.0,41.220001220703125
2013-02-20,56178.0,40.90999984741211
2013-02-21,56155.0,40.5
2013-02-22,56697.0,40.47999954223633
2013-02-25,56618.0,40.40999984741211
2013-02-26,56949.0,40.540000915527344
2013-02-27,57274.0,40.36000061035156
2013-02-28,57424.0,40.36000061035156
2013-03-01,56884.0,40.189998626708984
2013-03-04,56499.0,40.209999084472656
2013-03-05,55951.0,40.34000015258789
2013-03-06,57940.0,40.08000183105469
2013-03-07,58847.0,40.400001525878906
2013-03-08,58433.0,40.529998779296875
2013-03-11,58545.0,40.599998474121094
2013-03-12,58209.0,40.70000076293945
2013-03-13,57386.0,40.54999923706055
2013-03-14,57281.0,40.88999938964844
2013-03-15,56869.0,40.849998474121094
2013-03-18,56973.0,40.619998931884766
2013-03-19,56361.0,40.58000183105469
2013-03-20,56030.0,40.810001373291016
2013-03-21,55577.0,40.7400016784668
2013-03-22,55243.0,40.83000183105469
2013-03-25,54873.0,40.709999084472656
2013-03-26,55671.0,40.959999084472656
2013-03-27,56034.0,41.27000045776367
2013-03-28,56352.0,40.619998931884766
2013-04-01,55902.0,40.2599983215332
2013-04-02,54889.0,39.970001220703125
2013-04-03,55563.0,39.5
2013-04-04,54648.0,39.439998626708984
2013-04-05,55051.0,39.61000061035156
2013-04-08,55092.0,39.709999084472656
2013-04-09,55912.0,39.93000030517578
2013-04-10,56187.0,39.83000183105469
2013-04-11,55401.0,39.84000015258789
2013-04-12,54963.0,39.400001525878906
2013-04-15,52950.0,38.13999938964844
2013-04-16,53991.0,38.61000061035156
2013-04-17,52882.0,38.2599983215332
2013-04-18,53166.0,38.880001068115234
2013-04-19,53929.0,38.72999954223633
2013-04-22,54298.0,38.58000183105469
2013-04-23,54885.0,38.279998779296875
2013-04-24,54984.0,38.529998779296875
2013-04-25,54963.0,39.130001068115234
2013-04-26,54252.0,38.900001525878906
2013-04-29,54887.0,39.65999984741211
2013-04-30,55910.0,39.470001220703125
2013-05-02,55322.0,38.88999938964844
2013-05-03,55488.0,39.29999923706055
2013-05-06,55430.0,39.11000061035156
2013-05-07,56275.0,38.939998626708984
2013-05-08,55805.0,39.15999984741211
2013-05-09,55448.0,39.18000030517578
2013-05-10,55108.0,38.93000030517578
2013-05-13,54448.0,38.91999816894531
2013-05-14,54667.0,38.83000183105469
2013-05-15,54936.0,38.63999938964844
2013-05-16,54773.0,38.5099983215332
2013-05-17,55164.0,38.72999954223633
2013-05-20,55701.0,39.11000061035156
2013-05-21,56265.0,38.91999816894531
2013-05-22,56429.0,38.880001068115234
2013-05-23,56350.0,39.06999969482422
2013-05-24,56406.0,38.79999923706055
2013-05-28,56036.0,38.9900016784668
2013-05-29,54635.0,38.790000915527344
2013-05-31,53506.0,38.310001373291016
2013-06-03,53944.0,38.779998779296875
2013-06-04,54018.0,38.900001525878906
2013-06-05,52799.0,38.880001068115234
2013-06-06,52885.0,38.79999923706055
2013-06-07,51619.0,38.630001068115234
2013-06-10,51317.0,38.38999938964844
2013-06-11,49770.0,38.209999084472656
2013-06-12,49181.0,38.220001220703125
2013-06-13,50415.0,38.349998474121094
2013-06-14,49332.0,38.439998626708984
2013-06-17,49089.0,38.61000061035156
2013-06-18,49465.0,38.59000015258789
2013-06-19,47893.0,38.7599983215332
2013-06-20,48214.0,37.58000183105469
2013-06-21,47056.0,37.439998626708984
2013-06-24,45965.0,37.099998474121094
2013-06-25,46893.0,37.09000015258789
2013-06-26,47172.0,36.88999938964844
2013-06-27,47609.0,36.68000030517578
2013-06-28,47457.0,36.4900016784668
2013-07-01,47230.0,36.77000045776367
2013-07-02,45229.0,36.869998931884766
2013-07-03,45044.0,37.13999938964844
2013-07-05,45210.0,36.86000061035156
2013-07-08,45076.0,37.16999816894531
2013-07-10,45483.0,37.61000061035156
2013-07-11,46626.0,37.81999969482422
2013-07-12,45533.0,37.7400016784668
2013-07-15,46739.0,37.709999084472656
2013-07-16,46869.0,37.869998931884766
2013-07-17,47407.0,37.68000030517578
2013-07-18,47657.0,38.060001373291016
2013-07-19,47400.0,38.18000030517578
2013-07-22,48574.0,38.119998931884766
2013-07-23,48820.0,38.15999984741211
2013-07-24,48374.0,37.70000076293945
2013-07-25,49067.0,37.529998779296875
2013-07-26,49422.0,37.189998626708984
2013-07-29,49212.0,37.040000915527344
2013-07-30,48562.0,36.77000045776367
2013-07-31,48234.0,37.0099983215332
2013-08-01,49141.0,36.970001220703125
2013-08-02,48474.0,36.810001373291016
2013-08-05,48436.0,36.61000061035156
2013-08-06,47422.0,36.369998931884766
2013-08-07,47447.0,36.20000076293945
2013-08-08,48929.0,36.650001525878906
2013-08-09,49875.0,36.77000045776367
2013-08-12,50299.0,37.33000183105469
2013-08-13,50601.0,37.27000045776367
2013-08-14,50896.0,37.58000183105469
2013-08-15,50908.0,38.04999923706055
2013-08-16,51539.0,38.04999923706055
2013-08-19,51574.0,38.209999084472656
2013-08-20,50507.0,38.02000045776367
2013-08-21,50405.0,37.939998626708984
2013-08-22,51398.0,37.88999938964844
2013-08-23,52197.0,38.310001373291016
2013-08-26,51429.0,38.70000076293945
2013-08-27,50092.0,38.91999816894531
2013-08-28,49867.0,38.88999938964844
2013-08-29,49922.0,38.650001525878906
2013-08-30,50008.0,38.459999084472656
2013-09-03,51626.0,38.77000045776367
2013-09-04,51716.0,38.279998779296875
2013-09-05,52352.0,38.119998931884766
2013-09-06,53749.0,38.38999938964844
2013-09-09,54252.0,38.25
2013-09-10,53979.0,37.91999816894531
2013-09-11,53570.0,37.9900016784668
2013-09-12,53307.0,38.099998474121094
2013-09-13,53798.0,38.029998779296875
2013-09-16,53822.0,37.720001220703125
2013-09-17,54271.0,37.4900016784668
2013-09-18,55703.0,38.2599983215332
2013-09-19,55096.0,38.119998931884766
2013-09-20,54110.0,37.560001373291016
2013-09-23,54602.0,37.33000183105469
2013-09-24,54431.0,37.20000076293945
2013-09-25,54261.0,37.439998626708984
2013-09-26,53783.0,37.56999969482422
2013-09-27,53739.0,37.560001373291016
2013-09-30,52338.0,37.2599983215332
2013-10-01,53179.0,36.959999084472656
2013-10-02,53100.0,37.2400016784668
2013-10-03,52490.0,37.13999938964844
2013-10-04,52849.0,37.2599983215332
2013-10-07,52417.0,37.52000045776367
2013-10-08,52312.0,37.650001525878906
2013-10-09,52548.0,37.290000915527344
2013-10-10,52997.0,37.5099983215332
2013-10-11,53150.0,37.470001220703125
2013-10-14,54171.0,37.66999816894531
2013-10-15,54981.0,37.54999923706055
2013-10-16,55973.0,37.599998474121094
2013-10-17,55358.0,37.61000061035156
2013-10-18,55378.0,37.779998779296875
2013-10-21,56077.0,37.56999969482422
2013-10-22,56460.0,37.63999938964844
2013-10-23,55440.0,37.27000045776367
2013-10-24,54877.0,37.290000915527344
2013-10-25,54154.0,37.439998626708984
2013-10-28,55073.0,37.20000076293945
2013-10-29,54539.0,37.099998474121094
2013-10-30,54173.0,37.060001373291016
2013-10-31,54256.0,36.619998931884766
2013-11-01,54013.0,36.25
2013-11-04,54437.0,35.9900016784668
2013-11-05,53832.0,35.900001525878906
2013-11-06,53385.0,35.90999984741211
2013-11-07,52741.0,35.810001373291016
2013-11-08,52249.0,35.97999954223633
2013-11-11,52624.0,36.08000183105469
2013-11-12,51804.0,35.970001220703125
2013-11-13,52230.0,35.86000061035156
2013-11-14,53452.0,36.02000045776367
2013-11-18,54307.0,35.7400016784668
2013-11-19,53033.0,35.58000183105469
2013-11-21,52688.0,35.97999954223633
2013-11-22,52801.0,36.20000076293945
2013-11-25,52264.0,36.220001220703125
2013-11-26,51447.0,36.15999984741211
2013-11-27,51861.0,36.130001068115234
2013-11-29,52482.0,36.310001373291016
2013-12-02,51245.0,36.09000015258789
2013-12-03,50349.0,36.29999923706055
2013-12-04,50216.0,36.52000045776367
2013-12-05,50788.0,36.63999938964844
2013-12-06,50944.0,36.72999954223633
2013-12-09,51165.0,36.959999084472656
2013-12-10,50993.0,37.13999938964844
2013-12-11,50068.0,37.220001220703125
2013-12-12,50122.0,37.04999923706055
2013-12-13,50051.0,37.06999969482422
2013-12-16,50280.0,36.9900016784668
2013-12-17,50090.0,36.939998626708984
2013-12-18,50563.0,36.900001525878906
2013-12-19,50819.0,37.13999938964844
2013-12-20,51186.0,37.439998626708984
2013-12-23,51356.0,37.34000015258789
2013-12-26,51221.0,37.349998474121094
2013-12-27,51267.0,37.27000045776367
2013-12-30,51507.0,37.150001525878906
2014-01-02,50341.0,36.61000061035156
2014-01-03,50981.0,36.54999923706055
2014-01-06,50974.0,36.61000061035156
2014-01-07,50430.0,36.5099983215332
2014-01-08,50577.0,36.119998931884766
2014-01-09,49322.0,35.72999954223633
2014-01-10,49696.0,36.099998474121094
2014-01-13,49427.0,36.349998474121094
2014-01-14,49703.0,36.400001525878906
2014-01-15,50105.0,36.439998626708984
2014-01-16,49696.0,36.4900016784668
2014-01-17,49182.0,36.470001220703125
2014-01-21,48542.0,36.45000076293945
2014-01-22,49300.0,36.689998626708984
2014-01-23,48321.0,36.790000915527344
2014-01-24,47787.0,37.119998931884766
2014-01-27,47701.0,36.66999816894531
2014-01-28,47841.0,36.880001068115234
2014-01-29,47557.0,37.290000915527344
2014-01-30,47244.0,36.779998779296875
2014-01-31,47639.0,36.79999923706055
2014-02-03,46148.0,36.88999938964844
2014-02-04,46964.0,37.5
2014-02-05,46624.0,37.5099983215332
2014-02-06,47738.0,37.59000015258789
2014-02-07,48074.0,37.65999984741211
2014-02-10,47711.0,37.470001220703125
2014-02-11,48463.0,37.83000183105469
2014-02-12,48217.0,37.84000015258789
2014-02-13,47813.0,38.150001525878906
2014-02-14,48201.0,38.279998779296875
2014-02-18,46600.0,38.9900016784668
2014-02-19,47151.0,39.13999938964844
2014-02-20,47289.0,39.11000061035156
2014-02-21,47380.0,39.150001525878906
2014-02-24,47393.0,39.27000045776367
2014-02-25,46716.0,39.279998779296875
2014-02-26,46599.0,39.119998931884766
2014-02-27,47607.0,39.11000061035156
2014-02-28,47094.0,39.33000183105469
2014-03-05,46589.0,39.81999969482422
2014-03-06,47093.0,40.189998626708984
2014-03-07,46244.0,40.0099983215332
2014-03-10,45533.0,39.7599983215332
2014-03-11,45698.0,39.650001525878906
2014-03-12,45862.0,39.720001220703125
2014-03-13,45444.0,39.459999084472656
2014-03-14,44966.0,39.529998779296875
2014-03-17,45118.0,39.25
2014-03-18,46150.0,39.4900016784668
2014-03-19,46567.0,39.439998626708984
2014-03-20,47278.0,39.060001373291016
2014-03-21,47381.0,38.959999084472656
2014-03-24,47993.0,38.970001220703125
2014-03-25,48180.0,39.16999816894531
2014-03-26,47966.0,39.09000015258789
2014-03-27,49647.0,39.4900016784668
2014-03-28,49768.0,39.5
2014-03-31,50415.0,39.45000076293945
2014-04-01,50270.0,39.209999084472656
2014-04-02,51701.0,39.06999969482422
2014-04-03,51408.0,39.310001373291016
2014-04-04,51082.0,39.529998779296875
2014-04-07,52155.0,39.52000045776367
2014-04-08,51629.0,39.93000030517578
2014-04-09,51185.0,40.11000061035156
2014-04-10,51127.0,40.119998931884766
2014-04-11,51867.0,40.0
2014-04-14,51596.0,40.27000045776367
2014-04-15,50454.0,40.16999816894531
2014-04-16,51201.0,40.2599983215332
2014-04-17,52112.0,40.470001220703125
2014-04-22,51977.0,40.38999938964844
2014-04-23,51570.0,40.369998931884766
2014-04-24,51817.0,40.61000061035156
2014-04-25,51399.0,40.540000915527344
2014-04-28,51384.0,40.470001220703125
2014-04-29,51839.0,40.7599983215332
2014-04-30,51626.0,40.52000045776367
2014-05-02,52980.0,40.13999938964844
2014-05-05,53446.0,40.20000076293945
2014-05-06,53780.0,40.27000045776367
2014-05-07,54053.0,40.130001068115234
2014-05-08,53422.0,40.029998779296875
2014-05-09,53100.0,39.869998931884766
2014-05-12,54053.0,39.959999084472656
2014-05-13,53907.0,40.029998779296875
2014-05-14,54413.0,40.099998474121094
2014-05-15,53856.0,39.790000915527344
2014-05-16,53976.0,39.66999816894531
2014-05-19,53353.0,39.810001373291016
2014-05-20,52366.0,39.79999923706055
2014-05-21,52203.0,39.83000183105469
2014-05-22,52806.0,39.790000915527344
2014-05-23,52626.0,39.84000015258789
2014-05-27,52172.0,39.459999084472656
2014-05-28,52640.0,39.5
2014-05-29,52239.0,39.470001220703125
2014-05-30,51239.0,39.189998626708984
2014-06-02,51606.0,39.18000030517578
2014-06-03,52032.0,39.11000061035156
2014-06-04,51833.0,39.029998779296875
2014-06-05,51559.0,39.029998779296875
2014-06-06,53129.0,39.220001220703125
2014-06-09,54273.0,39.25
2014-06-10,54604.0,39.08000183105469
2014-06-11,55102.0,38.939998626708984
2014-06-13,54807.0,39.52000045776367
2014-06-16,54630.0,39.470001220703125
2014-06-17,54300.0,39.4900016784668
2014-06-18,55203.0,39.59000015258789
2014-06-20,54638.0,40.08000183105469
2014-06-23,54210.0,39.93000030517578
2014-06-24,54281.0,39.9900016784668
2014-06-25,53426.0,40.11000061035156
2014-06-26,53506.0,39.9900016784668
2014-06-27,53157.0,39.84000015258789
2014-06-30,53168.0,39.439998626708984
2014-07-01,53171.0,39.29999923706055
2014-07-02,53029.0,39.31999969482422
2014-07-03,53875.0,39.31999969482422
2014-07-07,53802.0,38.849998474121094
2014-07-08,53635.0,38.779998779296875
2014-07-10,54593.0,38.349998474121094
2014-07-11,54786.0,38.040000915527344
2014-07-14,55744.0,38.099998474121094
2014-07-15,55974.0,37.790000915527344
2014-07-16,55717.0,37.880001068115234
2014-07-17,55638.0,37.959999084472656
2014-07-18,57013.0,37.7599983215332
2014-07-21,57634.0,37.790000915527344
2014-07-22,57983.0,37.59000015258789
2014-07-23,57420.0,37.709999084472656
2014-07-24,57978.0,37.70000076293945
2014-07-25,57821.0,37.79999923706055
2014-07-28,57696.0,37.790000915527344
2014-07-29,57119.0,37.58000183105469
2014-07-30,56878.0,37.47999954223633
2014-07-31,55829.0,37.220001220703125
2014-08-01,55903.0,36.97999954223633
2014-08-04,56616.0,37.34000015258789
2014-08-05,56202.0,37.04999923706055
2014-08-06,56487.0,37.36000061035156
2014-08-07,56188.0,37.20000076293945
2014-08-08,55573.0,37.09000015258789
2014-08-11,56613.0,37.209999084472656
2014-08-12,56442.0,36.939998626708984
2014-08-13,55581.0,36.7400016784668
2014-08-14,55780.0,36.529998779296875
2014-08-15,56964.0,36.529998779296875
2014-08-18,57561.0,36.36000061035156
2014-08-19,58449.0,36.31999969482422
2014-08-20,58878.0,36.43000030517578
2014-08-21,58992.0,36.47999954223633
2014-08-22,58407.0,36.47999954223633
2014-08-25,59735.0,36.459999084472656
2014-08-26,59821.0,36.58000183105469
2014-08-27,60951.0,36.68000030517578
2014-08-28,60291.0,36.79999923706055
2014-08-29,61288.0,36.880001068115234
2014-09-02,61896.0,36.470001220703125
2014-09-03,61837.0,36.41999816894531
2014-09-04,60800.0,36.29999923706055
2014-09-05,60681.0,36.380001068115234
2014-09-08,59193.0,36.220001220703125
2014-09-09,58676.0,35.959999084472656
2014-09-10,58199.0,35.65999984741211
2014-09-11,58337.0,35.40999984741211
2014-09-12,56928.0,35.189998626708984
2014-09-15,57949.0,35.2400016784668
2014-09-16,59115.0,35.52000045776367
2014-09-17,59108.0,35.29999923706055
2014-09-18,58374.0,34.90999984741211
2014-09-19,57789.0,34.61000061035156
2014-09-22,56818.0,34.36000061035156
2014-09-23,56541.0,34.369998931884766
2014-09-24,56824.0,34.619998931884766
2014-09-25,55962.0,34.4900016784668
2014-09-26,57212.0,34.540000915527344
2014-09-29,54625.0,34.869998931884766
2014-09-30,54116.0,34.369998931884766
2014-10-01,52858.0,34.33000183105469
2014-10-02,53519.0,34.290000915527344
2014-10-03,54540.0,34.13999938964844
2014-10-06,57116.0,34.689998626708984
2014-10-07,57436.0,34.689998626708984
2014-10-08,57058.0,34.54999923706055
2014-10-09,57268.0,34.31999969482422
2014-10-10,55312.0,34.220001220703125
2014-10-13,57957.0,34.459999084472656
2014-10-14,58015.0,34.25
2014-10-15,56135.0,33.79999923706055
2014-10-16,54298.0,34.06999969482422
2014-10-17,55724.0,34.0
2014-10-20,54303.0,33.72999954223633
2014-10-21,52432.0,33.97999954223633
2014-10-22,52411.0,33.70000076293945
2014-10-23,50713.0,33.95000076293945
2014-10-24,51941.0,33.72999954223633
2014-10-27,50504.0,33.7599983215332
2014-10-28,52330.0,34.08000183105469
2014-10-29,51049.0,34.41999816894531
2014-10-30,52337.0,34.119998931884766
2014-10-31,54629.0,34.060001373291016
2014-11-03,53947.0,34.02000045776367
2014-11-04,54384.0,33.689998626708984
2014-11-05,53698.0,33.619998931884766
2014-11-06,52637.0,33.84000015258789
2014-11-07,53223.0,34.02000045776367
2014-11-10,52725.0,33.619998931884766
2014-11-11,52474.0,33.970001220703125
2014-11-12,52979.0,33.900001525878906
2014-11-13,51846.0,33.529998779296875
2014-11-14,51772.0,33.86000061035156
2014-11-17,51257.0,33.95000076293945
2014-11-18,52062.0,33.7400016784668
2014-11-19,53403.0,33.7599983215332
2014-11-21,56084.0,34.209999084472656
2014-11-24,55407.0,33.88999938964844
2014-11-25,55561.0,34.06999969482422
2014-11-26,55098.0,33.939998626708984
2014-11-28,54664.0,32.619998931884766
2014-12-01,52276.0,33.16999816894531
2014-12-02,51612.0,32.45000076293945
2014-12-03,52320.0,32.31999969482422
2014-12-04,51427.0,32.290000915527344
2014-12-05,51992.0,32.279998779296875
2014-12-08,50274.0,31.8799991607666
2014-12-09,50193.0,32.25
2014-12-10,49548.0,31.899999618530273
2014-12-11,49861.0,31.81999969482422
2014-12-12,48002.0,31.899999618530273
2014-12-15,47019.0,31.469999313354492
2014-12-16,47008.0,31.209999084472656
2014-12-17,48714.0,31.200000762939453
2014-12-18,48496.0,31.299999237060547
2014-12-19,49651.0,31.329999923706055
2014-12-22,50121.0,30.739999771118164
2014-12-23,50890.0,30.8700008392334
2014-12-26,50145.0,30.540000915527344
2014-12-29,50594.0,30.270000457763672
2014-12-30,50007.0,30.3700008392334
2015-01-02,48512.0,29.649999618530273
2015-01-05,47517.0,29.690000534057617
2015-01-06,48001.0,29.739999771118164
2015-01-07,49463.0,29.549999237060547
2015-01-08,49943.0,29.649999618530273
2015-01-09,48840.0,29.59000015258789
2015-01-12,48140.0,28.989999771118164
2015-01-13,48042.0,28.780000686645508
2015-01-14,47646.0,29.139999389648438
2015-01-15,48026.0,28.889999389648438
2015-01-16,49017.0,29.34000015258789
2015-01-20,47877.0,28.899999618530273
2015-01-21,49224.0,29.100000381469727
2015-01-22,49443.0,28.920000076293945
2015-01-23,48775.0,28.649999618530273
2015-01-26,48577.0,28.559999465942383
2015-01-27,48591.0,28.700000762939453
2015-01-28,47695.0,28.399999618530273
2015-01-29,47762.0,28.030000686645508
2015-01-30,46908.0,28.56999969482422
2015-02-02,47651.0,28.790000915527344
2015-02-03,48964.0,29.520000457763672
2015-02-04,49301.0,28.93000030517578
2015-02-05,49234.0,29.190000534057617
2015-02-06,48792.0,29.229999542236328
2015-02-09,49383.0,29.469999313354492
2015-02-10,48510.0,29.1200008392334
2015-02-11,48240.0,28.93000030517578
2015-02-12,49533.0,29.299999237060547
2015-02-13,50636.0,29.739999771118164
2015-02-18,51280.0,29.360000610351562
2015-02-19,51294.0,29.360000610351562
2015-02-20,51238.0,29.219999313354492
2015-02-23,51281.0,28.8799991607666
2015-02-24,51874.0,28.959999084472656
2015-02-25,51811.0,29.270000457763672
2015-02-26,51761.0,29.100000381469727
2015-02-27,51583.0,29.3700008392334
2015-03-02,51021.0,29.010000228881836
2015-03-03,51304.0,29.030000686645508
2015-03-04,50468.0,29.0
2015-03-05,50365.0,28.920000076293945
2015-03-06,49981.0,28.59000015258789
2015-03-09,49181.0,28.440000534057617
2015-03-10,48293.0,28.1200008392334
2015-03-11,48906.0,28.200000762939453
2015-03-12,48880.0,28.049999237060547
2015-03-13,48596.0,27.639999389648438
2015-03-16,48848.0,27.530000686645508
2015-03-17,50285.0,27.350000381469727
2015-03-18,51526.0,28.100000381469727
2015-03-19,50954.0,27.690000534057617
2015-03-20,51967.0,28.079999923706055
2015-03-23,51908.0,28.520000457763672
2015-03-24,51506.0,28.329999923706055
2015-03-25,51858.0,28.360000610351562
2015-03-26,50580.0,28.600000381469727
2015-03-27,50095.0,28.09000015258789
2015-03-30,51243.0,28.06999969482422
2015-03-31,51150.0,27.729999542236328
2015-04-01,52322.0,28.200000762939453
2015-04-02,53123.0,28.270000457763672
2015-04-06,53737.0,28.530000686645508
2015-04-07,53729.0,28.729999542236328
2015-04-08,53661.0,28.139999389648438
2015-04-09,53803.0,27.950000762939453
2015-04-10,54214.0,28.219999313354492
2015-04-13,54240.0,28.020000457763672
2015-04-14,53982.0,28.229999542236328
2015-04-15,54919.0,28.739999771118164
2015-04-16,54674.0,29.030000686645508
2015-04-17,53955.0,28.969999313354492
2015-04-20,53761.0,28.690000534057617
2015-04-22,54617.0,28.600000381469727
2015-04-23,55685.0,28.899999618530273
2015-04-24,56594.0,28.889999389648438
2015-04-27,55535.0,28.90999984741211
2015-04-28,55812.0,29.0
2015-04-29,55325.0,29.170000076293945
2015-04-30,56229.0,29.5
2015-05-04,57354.0,29.459999084472656
2015-05-05,58052.0,29.760000228881836
2015-05-06,57103.0,29.729999542236328
2015-05-07,56921.0,29.280000686645508
2015-05-08,57149.0,29.600000381469727
2015-05-11,57197.0,29.3799991607666
2015-05-12,56792.0,29.719999313354492
2015-05-13,56372.0,29.790000915527344
2015-05-14,56657.0,30.020000457763672
2015-05-15,57249.0,30.010000228881836
2015-05-18,56204.0,29.940000534057617
2015-05-19,55499.0,29.260000228881836
2015-05-20,54901.0,29.229999542236328
2015-05-21,55112.0,29.520000457763672
2015-05-22,54377.0,29.139999389648438
2015-05-26,53630.0,28.59000015258789
2015-05-27,54236.0,28.309999465942383
2015-05-28,53976.0,28.360000610351562
2015-05-29,52760.0,28.56999969482422
2015-06-01,53031.0,28.6299991607666
2015-06-02,54236.0,28.950000762939453
2015-06-03,53523.0,28.600000381469727
2015-06-05,52973.0,28.3799991607666
2015-06-08,52810.0,28.5
2015-06-09,52816.0,28.889999389648438
2015-06-10,53876.0,29.1299991607666
2015-06-11,53689.0,28.729999542236328
2015-06-12,53348.0,28.459999084472656
2015-06-15,53138.0,28.389999389648438
2015-06-16,53702.0,28.450000762939453
2015-06-17,53249.0,28.5
2015-06-18,54239.0,28.469999313354492
2015-06-19,53749.0,28.25
2015-06-22,53864.0,28.309999465942383
2015-06-23,53772.0,28.530000686645508
2015-06-24,53843.0,28.43000030517578
2015-06-25,53176.0,28.540000915527344
2015-06-26,54017.0,28.639999389648438
2015-06-29,53014.0,28.479999542236328
2015-06-30,53081.0,29.059999465942383
2015-07-01,52758.0,28.809999465942383
2015-07-02,53106.0,28.850000381469727
2015-07-06,52149.0,28.0
2015-07-07,52344.0,27.690000534057617
2015-07-08,51782.0,27.579999923706055
2015-07-10,52591.0,28.06999969482422
2015-07-13,53119.0,28.1299991607666
2015-07-14,53239.0,28.040000915527344
2015-07-15,52902.0,27.770000457763672
2015-07-16,53070.0,27.639999389648438
2015-07-17,52342.0,27.489999771118164
2015-07-20,51600.0,27.020000457763672
2015-07-21,51474.0,27.100000381469727
2015-07-22,50916.0,26.770000457763672
2015-07-23,49807.0,26.479999542236328
2015-07-24,49246.0,26.239999771118164
2015-07-27,48736.0,25.709999084472656
2015-07-28,49602.0,25.989999771118164
2015-07-29,50245.0,26.1200008392334
2015-07-30,49897.0,25.969999313354492
2015-07-31,50865.0,25.639999389648438
2015-08-03,50138.0,25.270000457763672
2015-08-04,50058.0,25.469999313354492
2015-08-05,50287.0,25.3700008392334
2015-08-06,50011.0,25.290000915527344
2015-08-07,48577.0,25.299999237060547
2015-08-10,49353.0,25.899999618530273
2015-08-11,49072.0,25.56999969482422
2015-08-12,48388.0,25.420000076293945
2015-08-13,48010.0,25.299999237060547
2015-08-14,47508.0,25.209999084472656
2015-08-17,47217.0,25.06999969482422
2015-08-18,47451.0,24.860000610351562
2015-08-19,46588.0,24.65999984741211
2015-08-20,46649.0,24.81999969482422
2015-08-21,45720.0,24.389999389648438
2015-08-24,44336.0,23.850000381469727
2015-08-25,44545.0,23.850000381469727
2015-08-26,46038.0,23.649999618530273
2015-08-27,47715.0,24.389999389648438
2015-08-28,47154.0,24.959999084472656
2015-08-31,46626.0,25.299999237060547
2015-09-01,45477.0,24.6299991607666
2015-09-02,46464.0,24.739999771118164
2015-09-03,47366.0,24.950000762939453
2015-09-04,46498.0,24.6299991607666
2015-09-08,46762.0,24.90999984741211
2015-09-09,46657.0,24.540000915527344
2015-09-10,46504.0,24.81999969482422
2015-09-11,46401.0,24.790000915527344
2015-09-14,47282.0,24.670000076293945
2015-09-15,47364.0,24.68000030517578
2015-09-16,48553.0,24.969999313354492
2015-09-17,48551.0,24.8799991607666
2015-09-18,47264.0,24.43000030517578
2015-09-21,46590.0,24.639999389648438
2015-09-22,46265.0,24.350000381469727
2015-09-23,45340.0,24.200000762939453
2015-09-24,45292.0,24.440000534057617
2015-09-25,44831.0,24.59000015258789
2015-09-28,43957.0,24.260000228881836
2015-09-29,44132.0,24.31999969482422
2015-09-30,45059.0,24.450000762939453
2015-10-01,45313.0,24.229999542236328
2015-10-02,47033.0,24.5
2015-10-05,47598.0,24.739999771118164
2015-10-06,47735.0,25.190000534057617
2015-10-07,48914.0,25.190000534057617
2015-10-08,49107.0,25.219999313354492
2015-10-09,49338.0,25.40999984741211
2015-10-13,47363.0,25.049999237060547
2015-10-14,46710.0,25.15999984741211
2015-10-15,47161.0,25.09000015258789
2015-10-16,47236.0,24.979999542236328
2015-10-19,47447.0,24.6299991607666
2015-10-20,47077.0,24.719999313354492
2015-10-21,47026.0,24.530000686645508
2015-10-22,47772.0,24.540000915527344
2015-10-23,47597.0,24.299999237060547
2015-10-26,47209.0,24.139999389648438
2015-10-27,47043.0,24.059999465942383
2015-10-28,46741.0,24.290000915527344
2015-10-29,45628.0,24.079999923706055
2015-10-30,45869.0,24.260000228881836
2015-11-03,48054.0,24.389999389648438
2015-11-04,47710.0,24.0
2015-11-05,48047.0,23.790000915527344
2015-11-06,46919.0,23.579999923706055
2015-11-09,46195.0,23.290000915527344
2015-11-10,46179.0,23.239999771118164
2015-11-11,47065.0,23.110000610351562
2015-11-12,46884.0,22.850000381469727
2015-11-13,46517.0,22.729999542236328
2015-11-16,46847.0,22.760000228881836
2015-11-17,47248.0,22.510000228881836
2015-11-18,47436.0,22.450000762939453
2015-11-19,48139.0,22.479999542236328
2015-11-23,48150.0,22.3799991607666
2015-11-24,48284.0,22.600000381469727
2015-11-25,46867.0,22.65999984741211
2015-11-27,45873.0,22.31999969482422
2015-11-30,45120.0,22.25
2015-12-01,45047.0,22.510000228881836
2015-12-02,44915.0,22.06999969482422
2015-12-03,46393.0,22.34000015258789
2015-12-04,45361.0,22.479999542236328
2015-12-07,45223.0,21.770000457763672
2015-12-08,44443.0,21.700000762939453
2015-12-09,46108.0,21.709999084472656
2015-12-10,45631.0,21.610000610351562
2015-12-11,45263.0,21.450000762939453
2015-12-14,44747.0,21.270000457763672
2015-12-15,44872.0,21.110000610351562
2015-12-16,45016.0,21.06999969482422
2015-12-17,45261.0,20.84000015258789
2015-12-18,43911.0,21.139999389648438
2015-12-21,43200.0,21.18000030517578
2015-12-22,43470.0,21.06999969482422
2015-12-23,44015.0,21.420000076293945
2015-12-28,43764.0,21.280000686645508
2015-12-29,43654.0,21.600000381469727
2015-12-30,43350.0,21.40999984741211
2016-01-04,42141.0,21.290000915527344
2016-01-05,42419.0,21.200000762939453
2016-01-06,41773.0,20.93000030517578
2016-01-07,40695.0,20.8799991607666
2016-01-08,40612.0,20.889999389648438
2016-01-11,39950.0,20.350000381469727
2016-01-12,39514.0,20.219999313354492
2016-01-13,38944.0,20.260000228881836
2016-01-14,39500.0,20.260000228881836
2016-01-15,38569.0,19.889999389648438
2016-01-19,38057.0,19.899999618530273
2016-01-20,37645.0,19.780000686645508
2016-01-21,37717.0,20.0
2016-01-22,38031.0,20.420000076293945
2016-01-26,37497.0,20.459999084472656
2016-01-27,38376.0,20.639999389648438
2016-01-28,38630.0,20.790000915527344
2016-01-29,40406.0,21.010000228881836
2016-02-01,40570.0,20.600000381469727
2016-02-02,38596.0,20.280000686645508
2016-02-03,39589.0,20.780000686645508
2016-02-04,40822.0,20.719999313354492
2016-02-05,40592.0,20.559999465942383
2016-02-10,40377.0,19.989999771118164
2016-02-11,39318.0,20.170000076293945
2016-02-12,39808.0,20.3799991607666
2016-02-16,40948.0,20.229999542236328
2016-02-17,41631.0,20.610000610351562
2016-02-18,41478.0,20.530000686645508
2016-02-19,41543.0,20.40999984741211
2016-02-22,43235.0,20.639999389648438
2016-02-23,42521.0,20.389999389648438
2016-02-24,42085.0,20.600000381469727
2016-02-25,41888.0,20.549999237060547
2016-02-26,41593.0,20.5
2016-02-29,42794.0,20.65999984741211
2016-03-01,44122.0,20.709999084472656
2016-03-02,44893.0,20.809999465942383
2016-03-03,47193.0,20.940000534057617
2016-03-04,49085.0,21.360000610351562
2016-03-07,49246.0,21.690000534057617
2016-03-08,49102.0,21.350000381469727
2016-03-09,48665.0,21.709999084472656
2016-03-10,49571.0,21.760000228881836
2016-03-11,49639.0,21.8700008392334
2016-03-14,48867.0,21.690000534057617
2016-03-15,47130.0,21.540000915527344
2016-03-16,47763.0,21.950000762939453
2016-03-17,50914.0,22.25
2016-03-18,50815.0,22.15999984741211
2016-03-21,51172.0,22.15999984741211
2016-03-22,51010.0,22.299999237060547
2016-03-23,49690.0,21.780000686645508
2016-03-24,49657.0,21.690000534057617
2016-03-28,50838.0,21.739999771118164
2016-03-29,51155.0,21.739999771118164
2016-03-30,51249.0,21.549999237060547
2016-03-31,50055.0,21.5
2016-04-01,50562.0,21.239999771118164
2016-04-04,48780.0,21.010000228881836
2016-04-05,49054.0,20.989999771118164
2016-04-06,48096.0,21.149999618530273
2016-04-07,48513.0,21.139999389648438
2016-04-08,50293.0,21.549999237060547
2016-04-11,50165.0,21.649999618530273
2016-04-12,52002.0,22.15999984741211
2016-04-13,53150.0,22.25
2016-04-14,52411.0,22.079999923706055
2016-04-15,53228.0,22.020000457763672
2016-04-18,52894.0,22.1299991607666
2016-04-19,53710.0,22.709999084472656
2016-04-20,53631.0,23.1200008392334
2016-04-22,52908.0,22.829999923706055
2016-04-25,51862.0,22.81999969482422
2016-04-26,53083.0,23.09000015258789
2016-04-27,54478.0,23.25
2016-04-28,54312.0,23.34000015258789
2016-04-29,53911.0,23.6299991607666
2016-05-02,53562.0,23.3799991607666
2016-05-03,52260.0,23.030000686645508
2016-05-04,52553.0,23.020000457763672
2016-05-05,51671.0,22.770000457763672
2016-05-06,51718.0,22.969999313354492
2016-05-09,50990.0,22.43000030517578
2016-05-10,53071.0,22.979999542236328
2016-05-11,52764.0,23.329999923706055
2016-05-12,53241.0,23.360000610351562
2016-05-13,51804.0,23.290000915527344
2016-05-16,51803.0,23.520000457763672
2016-05-17,50839.0,23.75
2016-05-18,50562.0,23.450000762939453
2016-05-19,50133.0,23.34000015258789
2016-05-20,49723.0,23.43000030517578
2016-05-23,49330.0,23.25
2016-05-24,49345.0,23.219999313354492
2016-05-25,49483.0,23.510000228881836
2016-05-27,49051.0,23.610000610351562
2016-05-31,48472.0,23.489999771118164
2016-06-01,49013.0,23.790000915527344
2016-06-02,49887.0,23.940000534057617
2016-06-03,50619.0,24.15999984741211
2016-06-06,50432.0,24.469999313354492
2016-06-07,50488.0,24.520000457763672
2016-06-08,51629.0,25.030000686645508
2016-06-09,51118.0,24.969999313354492
2016-06-10,49422.0,24.709999084472656
2016-06-13,49661.0,24.700000762939453
2016-06-14,48648.0,24.6299991607666
2016-06-15,48915.0,24.489999771118164
2016-06-16,49412.0,24.110000610351562
2016-06-17,49534.0,24.670000076293945
2016-06-20,50329.0,24.799999237060547
2016-06-21,50838.0,24.56999969482422
2016-06-22,50156.0,24.360000610351562
2016-06-23,51560.0,24.489999771118164
2016-06-24,50105.0,24.049999237060547
2016-06-27,49246.0,24.059999465942383
2016-06-28,50007.0,24.5
2016-06-29,51002.0,24.709999084472656
2016-06-30,51527.0,24.729999542236328
2016-07-01,52233.0,24.989999771118164
2016-07-05,51842.0,24.219999313354492
2016-07-06,51902.0,24.239999771118164
2016-07-07,52015.0,23.600000381469727
2016-07-08,53141.0,23.889999389648438
2016-07-11,53960.0,23.770000457763672
2016-07-12,54256.0,24.190000534057617
2016-07-13,54598.0,24.09000015258789
2016-07-14,55481.0,24.06999969482422
2016-07-15,55578.0,23.989999771118164
2016-07-18,56484.0,23.950000762939453
2016-07-19,56698.0,23.700000762939453
2016-07-20,56578.0,23.420000076293945
2016-07-21,56641.0,23.43000030517578
2016-07-22,57002.0,23.329999923706055
2016-07-25,56873.0,23.079999923706055
2016-07-26,56783.0,23.010000228881836
2016-07-27,56853.0,22.93000030517578
2016-07-28,56667.0,22.940000534057617
2016-07-29,57308.0,23.15999984741211
2016-08-01,56756.0,22.770000457763672
2016-08-02,56162.0,22.709999084472656
2016-08-03,57077.0,23.030000686645508
2016-08-04,57594.0,23.059999465942383
2016-08-05,57661.0,23.059999465942383
2016-08-08,57635.0,23.15999984741211
2016-08-09,57689.0,23.030000686645508
2016-08-10,56920.0,22.829999923706055
2016-08-11,58300.0,23.049999237060547
2016-08-12,58298.0,23.139999389648438
2016-08-15,59146.0,23.5
2016-08-16,58855.0,23.6299991607666
2016-08-17,59324.0,23.700000762939453
2016-08-18,59166.0,23.959999084472656
2016-08-19,59099.0,23.780000686645508
2016-08-22,57781.0,23.610000610351562
2016-08-23,58020.0,23.709999084472656
2016-08-24,57718.0,23.40999984741211
2016-08-25,57722.0,23.420000076293945
2016-08-26,57716.0,23.350000381469727
2016-08-29,58610.0,23.25
2016-08-30,58575.0,23.0
2016-08-31,57901.0,22.739999771118164
2016-09-01,58236.0,22.559999465942383
2016-09-02,59616.0,22.770000457763672
2016-09-06,60129.0,22.899999618530273
2016-09-08,60232.0,23.40999984741211
2016-09-09,58000.0,23.100000381469727
2016-09-12,58586.0,23.139999389648438
2016-09-13,56821.0,22.780000686645508
2016-09-14,57059.0,22.700000762939453
2016-09-15,57909.0,22.799999237060547
2016-09-16,57080.0,22.90999984741211
2016-09-19,57350.0,22.979999542236328
2016-09-20,57736.0,23.200000762939453
2016-09-21,58394.0,23.450000762939453
2016-09-22,58994.0,23.520000457763672
2016-09-23,58697.0,23.209999084472656
2016-09-26,58054.0,23.31999969482422
2016-09-27,58382.0,23.149999618530273
2016-09-28,59356.0,23.450000762939453
2016-09-29,58351.0,23.479999542236328
2016-09-30,58367.0,23.469999313354492
2016-10-03,59461.0,23.600000381469727
2016-10-04,59339.0,23.489999771118164
2016-10-05,60254.0,23.600000381469727
2016-10-06,60644.0,23.579999923706055
2016-10-07,61109.0,23.600000381469727
2016-10-10,61668.0,23.93000030517578
2016-10-11,61022.0,23.770000457763672
2016-10-13,61119.0,23.809999465942383
2016-10-14,61767.0,23.84000015258789
2016-10-17,62696.0,23.860000610351562
2016-10-18,63782.0,23.920000076293945
2016-10-19,63506.0,24.020000457763672
2016-10-20,63838.0,23.739999771118164
2016-10-21,64108.0,23.780000686645508
2016-10-24,64060.0,23.829999923706055
2016-10-25,63866.0,23.719999313354492
2016-10-26,63826.0,23.600000381469727
2016-10-27,64250.0,23.760000228881836
2016-10-28,64308.0,23.729999542236328
2016-10-31,64925.0,23.399999618530273
2016-11-01,63326.0,23.280000686645508
2016-11-03,61750.0,22.969999313354492
2016-11-04,61598.0,22.899999618530273
2016-11-07,64052.0,23.079999923706055
2016-11-08,64158.0,22.979999542236328
2016-11-09,63258.0,23.1200008392334
2016-11-10,61201.0,22.969999313354492
2016-11-11,59184.0,22.559999465942383
2016-11-14,59657.0,22.600000381469727
2016-11-16,60759.0,22.68000030517578
2016-11-17,59770.0,22.6299991607666
2016-11-18,59962.0,22.809999465942383
2016-11-21,61070.0,23.43000030517578
2016-11-22,61954.0,23.420000076293945
2016-11-23,61986.0,23.530000686645508
2016-11-25,61559.0,23.530000686645508
2016-11-28,62855.0,23.670000076293945
2016-11-29,60987.0,23.18000030517578
2016-11-30,61906.0,23.649999618530273
2016-12-01,59507.0,24.020000457763672
2016-12-02,60316.0,24.06999969482422
2016-12-05,59832.0,24.31999969482422
2016-12-06,61088.0,24.34000015258789
2016-12-07,61414.0,24.170000076293945
2016-12-08,60677.0,24.239999771118164
2016-12-09,60501.0,24.360000610351562
2016-12-12,59179.0,24.360000610351562
2016-12-13,59281.0,24.31999969482422
2016-12-14,58212.0,24.15999984741211
2016-12-15,58396.0,24.010000228881836
2016-12-16,58389.0,24.030000686645508
2016-12-19,57111.0,23.8700008392334
2016-12-20,57583.0,23.799999237060547
2016-12-21,57647.0,23.899999618530273
2016-12-22,57255.0,23.809999465942383
2016-12-23,57937.0,23.84000015258789
2016-12-27,58697.0,24.229999542236328
2016-12-28,59782.0,24.260000228881836
2016-12-29,60227.0,24.260000228881836
2017-01-03,61814.0,23.790000915527344
2017-01-04,61589.0,24.030000686645508
2017-01-05,62071.0,24.219999313354492
2017-01-06,61665.0,24.100000381469727
2017-01-09,61700.0,23.809999465942383
2017-01-10,62132.0,23.93000030517578
2017-01-11,62446.0,24.09000015258789
2017-01-12,63954.0,24.5
2017-01-13,63652.0,24.520000457763672
2017-01-17,64354.0,24.6299991607666
2017-01-18,64150.0,24.450000762939453
2017-01-19,63951.0,24.34000015258789
2017-01-20,64521.0,24.450000762939453
2017-01-23,65749.0,24.559999465942383
2017-01-24,65840.0,24.56999969482422
2017-01-26,66191.0,24.399999618530273
2017-01-27,66034.0,24.360000610351562
2017-01-30,64302.0,24.049999237060547
2017-01-31,64671.0,24.239999771118164
2017-02-01,64836.0,24.5
2017-02-02,64578.0,24.459999084472656
2017-02-03,64954.0,24.31999969482422
2017-02-06,63993.0,24.309999465942383
2017-02-07,64199.0,24.299999237060547
2017-02-08,64835.0,24.469999313354492
2017-02-09,64965.0,24.469999313354492
2017-02-10,66125.0,24.780000686645508
2017-02-13,66968.0,24.530000686645508
2017-02-14,66713.0,24.549999237060547
2017-02-15,67976.0,24.670000076293945
2017-02-16,67814.0,24.489999771118164
2017-02-17,67748.0,24.3799991607666
2017-02-21,69052.0,24.290000915527344
2017-02-22,68590.0,24.229999542236328
2017-02-23,67461.0,24.139999389648438
2017-02-24,66662.0,24.190000534057617
2017-03-01,66989.0,24.43000030517578
2017-03-02,65855.0,24.0
2017-03-03,66786.0,24.110000610351562
2017-03-06,66341.0,24.040000915527344
2017-03-07,65742.0,23.81999969482422
2017-03-08,64718.0,23.459999084472656
2017-03-09,64585.0,23.299999237060547
2017-03-10,64675.0,23.219999313354492
2017-03-13,65534.0,23.18000030517578
2017-03-14,64699.0,23.049999237060547
2017-03-15,66235.0,23.309999465942383
2017-03-16,65783.0,23.34000015258789
2017-03-17,64210.0,23.40999984741211
2017-03-20,64884.0,23.43000030517578
2017-03-21,62980.0,23.31999969482422
2017-03-22,63521.0,23.280000686645508
2017-03-23,63531.0,23.25
2017-03-24,63854.0,23.270000457763672
2017-03-27,64308.0,23.190000534057617
2017-03-28,64640.0,23.299999237060547
2017-03-29,65528.0,23.489999771118164
2017-03-30,65266.0,23.489999771118164
2017-03-31,64984.0,23.520000457763672
2017-04-03,65211.0,23.329999923706055
2017-04-04,65769.0,23.479999542236328
2017-04-05,64775.0,23.59000015258789
2017-04-06,64223.0,23.59000015258789
2017-04-07,64593.0,23.6299991607666
2017-04-10,64650.0,23.670000076293945
2017-04-11,64360.0,23.729999542236328
2017-04-12,63892.0,23.65999984741211
2017-04-13,62826.0,23.799999237060547
2017-04-17,64335.0,23.709999084472656
2017-04-18,64159.0,23.520000457763672
2017-04-19,63407.0,23.290000915527344
2017-04-20,63761.0,23.219999313354492
2017-04-24,64389.0,23.0
2017-04-25,65148.0,23.1200008392334
2017-04-26,64862.0,23.020000457763672
2017-04-27,64677.0,23.010000228881836
2017-04-28,65403.0,23.079999923706055
2017-05-02,66722.0,23.040000915527344
2017-05-03,66094.0,22.920000076293945
2017-05-04,64863.0,22.510000228881836
2017-05-05,65710.0,22.68000030517578
2017-05-08,65526.0,22.530000686645508
2017-05-09,66278.0,22.459999084472656
2017-05-10,67350.0,22.690000534057617
2017-05-11,67538.0,22.780000686645508
2017-05-12,68222.0,22.90999984741211
2017-05-15,68474.0,22.969999313354492
2017-05-16,68684.0,22.920000076293945
2017-05-17,67540.0,23.059999465942383
2017-05-18,61597.0,22.8799991607666
2017-05-19,62639.0,23.31999969482422
2017-05-22,61673.0,23.469999313354492
2017-05-23,62662.0,23.299999237060547
2017-05-24,63257.0,23.25
2017-05-25,63227.0,22.969999313354492
2017-05-26,64085.0,23.06999969482422
2017-05-30,63962.0,22.84000015258789
2017-05-31,62711.0,22.68000030517578
2017-06-01,62289.0,22.579999923706055
2017-06-02,62511.0,22.559999465942383
2017-06-05,62450.0,22.459999084472656
2017-06-06,62955.0,22.639999389648438
2017-06-07,63171.0,22.459999084472656
2017-06-08,62756.0,22.5
2017-06-09,62211.0,22.59000015258789
2017-06-12,61700.0,22.280000686645508
2017-06-13,61829.0,22.34000015258789
2017-06-14,61923.0,22.020000457763672
2017-06-16,61626.0,22.229999542236328
2017-06-19,62014.0,22.030000686645508
2017-06-20,60766.0,21.8700008392334
2017-06-21,60762.0,21.690000534057617
2017-06-22,61272.0,21.6200008392334
2017-06-23,61087.0,21.719999313354492
2017-06-26,62188.0,21.809999465942383
2017-06-27,61675.0,21.979999542236328
2017-06-28,62018.0,22.09000015258789
2017-06-29,62239.0,22.229999542236328
2017-06-30,62900.0,22.670000076293945
2017-07-03,63280.0,22.809999465942383
2017-07-05,63154.0,22.579999923706055
2017-07-06,62470.0,22.56999969482422
2017-07-07,62322.0,22.3799991607666
2017-07-10,63025.0,22.579999923706055
2017-07-11,63832.0,22.780000686645508
2017-07-12,64836.0,22.649999618530273
2017-07-13,65178.0,22.450000762939453
2017-07-14,65436.0,22.709999084472656
2017-07-17,65212.0,22.700000762939453
2017-07-18,65338.0,22.81999969482422
2017-07-19,65180.0,22.989999771118164
2017-07-20,64938.0,22.979999542236328
2017-07-21,64684.0,22.790000915527344
2017-07-24,65100.0,22.68000030517578
2017-07-25,65668.0,22.81999969482422
2017-07-26,65011.0,23.030000686645508
2017-07-27,65277.0,23.170000076293945
2017-07-28,65497.0,23.270000457763672
2017-07-31,65920.0,23.270000457763672
2017-08-01,66516.0,22.950000762939453
2017-08-02,67136.0,23.059999465942383
2017-08-03,66777.0,22.889999389648438
2017-08-04,66898.0,22.8700008392334
2017-08-07,67940.0,23.010000228881836
2017-08-08,67899.0,23.09000015258789
2017-08-09,67671.0,23.25
2017-08-10,66992.0,22.93000030517578
2017-08-11,67359.0,23.0
2017-08-14,68285.0,22.81999969482422
2017-08-15,68355.0,22.610000610351562
2017-08-16,68594.0,22.690000534057617
2017-08-17,67977.0,22.6299991607666
2017-08-18,68715.0,22.8799991607666
2017-08-21,68635.0,22.799999237060547
2017-08-22,70011.0,22.790000915527344
2017-08-23,70478.0,22.889999389648438
2017-08-24,71133.0,22.979999542236328
2017-08-25,71074.0,22.889999389648438
2017-08-28,71017.0,22.959999084472656
2017-08-29,71330.0,22.920000076293945
2017-08-30,70886.0,22.81999969482422
2017-08-31,70835.0,23.309999465942383
2017-09-01,71923.0,23.440000534057617
2017-09-05,72151.0,23.489999771118164
2017-09-06,73412.0,23.690000534057617
2017-09-08,73079.0,23.34000015258789
2017-09-11,74319.0,23.3799991607666
2017-09-12,74539.0,23.3799991607666
2017-09-13,74788.0,23.43000030517578
2017-09-14,74657.0,23.450000762939453
2017-09-15,75757.0,23.5
2017-09-18,75990.0,23.459999084472656
2017-09-19,75974.0,23.40999984741211
2017-09-20,76004.0,23.579999923706055
2017-09-21,75604.0,23.329999923706055
2017-09-22,75390.0,23.40999984741211
2017-09-25,74443.0,23.559999465942383
2017-09-26,74319.0,23.34000015258789
2017-09-27,73797.0,23.3700008392334
2017-09-28,73567.0,23.329999923706055
2017-09-29,74294.0,23.260000228881836
2017-10-02,74360.0,23.0
2017-10-03,76763.0,23.040000915527344
2017-10-04,76591.0,23.09000015258789
2017-10-05,76618.0,23.280000686645508
2017-10-06,76055.0,23.110000610351562
2017-10-09,75727.0,23.149999618530273
2017-10-10,76897.0,23.3799991607666
2017-10-11,76660.0,23.389999389648438
2017-10-13,76990.0,23.709999084472656
2017-10-16,76892.0,23.760000228881836
2017-10-17,76201.0,23.610000610351562
2017-10-18,76591.0,23.540000915527344
2017-10-19,76283.0,23.559999465942383
2017-10-20,76391.0,23.530000686645508
2017-10-23,75413.0,23.649999618530273
2017-10-24,76350.0,23.780000686645508
2017-10-25,76671.0,23.729999542236328
2017-10-26,75896.0,23.739999771118164
2017-10-27,75976.0,23.760000228881836
2017-10-30,74800.0,23.799999237060547
2017-10-31,74308.0,23.860000610351562
2017-11-01,73824.0,23.940000534057617
2017-11-03,73915.0,24.040000915527344
2017-11-06,74311.0,24.459999084472656
2017-11-07,72415.0,24.260000228881836
2017-11-08,74363.0,24.260000228881836
2017-11-09,72931.0,24.229999542236328
2017-11-10,72166.0,24.200000762939453
2017-11-13,72475.0,24.139999389648438
2017-11-14,70827.0,23.760000228881836
2017-11-16,72512.0,23.68000030517578
2017-11-17,73437.0,24.030000686645508
2017-11-21,74595.0,23.920000076293945
2017-11-22,74519.0,24.09000015258789
2017-11-24,74157.0,24.09000015258789
2017-11-27,74059.0,24.040000915527344
2017-11-28,74140.0,24.020000457763672
2017-11-29,72700.0,23.93000030517578
2017-11-30,71971.0,23.690000534057617
2017-12-01,72264.0,23.950000762939453
2017-12-04,73090.0,23.68000030517578
2017-12-05,72546.0,23.5
2017-12-06,73268.0,23.200000762939453
2017-12-07,72487.0,23.049999237060547
2017-12-08,72732.0,23.15999984741211
2017-12-11,72800.0,23.190000534057617
2017-12-12,73814.0,23.020000457763672
2017-12-13,72914.0,23.040000915527344
2017-12-14,72429.0,23.110000610351562
2017-12-15,72608.0,23.190000534057617
2017-12-18,73115.0,23.280000686645508
2017-12-19,72680.0,23.350000381469727
2017-12-20,73367.0,23.469999313354492
2017-12-21,75133.0,23.530000686645508
2017-12-22,75187.0,23.690000534057617
2017-12-26,75688.0,23.969999313354492
2017-12-27,76073.0,24.1200008392334
2017-12-28,76402.0,24.329999923706055
2017-12-29,76402.0,24.40999984741211
2018-01-02,77891.0,24.579999923706055
2018-01-03,77995.0,24.600000381469727
2018-01-04,78647.0,24.56999969482422
2018-01-05,79071.0,24.420000076293945
2018-01-08,79379.0,24.360000610351562
2018-01-09,78864.0,24.5
2018-01-10,78201.0,24.5
2018-01-11,79365.0,24.510000228881836
2018-01-12,79349.0,24.709999084472656
2018-01-16,79832.0,24.56999969482422
2018-01-17,81189.0,24.670000076293945
2018-01-18,80963.0,24.6299991607666
2018-01-19,81220.0,24.6200008392334
2018-01-22,81675.0,24.75
2018-01-23,80678.0,24.8700008392334
2018-01-24,83680.0,25.25
2018-01-26,85531.0,25.31999969482422
2018-01-29,84698.0,25.270000457763672
2018-01-30,84482.0,25.149999618530273
2018-01-31,84913.0,25.020000457763672
2018-02-01,85495.0,25.1299991607666
2018-02-02,84041.0,24.760000228881836
2018-02-05,81861.0,24.540000915527344
2018-02-06,83894.0,24.520000457763672
2018-02-07,82767.0,24.18000030517578
2018-02-08,81533.0,24.040000915527344
2018-02-09,80899.0,23.760000228881836
2018-02-14,83543.0,24.459999084472656
2018-02-15,84291.0,24.579999923706055
2018-02-16,84525.0,24.489999771118164
2018-02-20,85804.0,24.43000030517578
2018-02-21,86052.0,24.440000534057617
2018-02-22,86686.0,24.639999389648438
2018-02-23,87293.0,24.719999313354492
2018-02-26,87653.0,24.81999969482422
2018-02-27,86935.0,24.65999984741211
2018-02-28,85481.0,24.489999771118164
2018-03-01,85378.0,24.6299991607666
2018-03-02,85761.0,24.549999237060547
2018-03-05,86023.0,24.670000076293945
2018-03-06,85653.0,24.780000686645508
2018-03-07,85484.0,24.520000457763672
2018-03-08,84985.0,24.3700008392334
2018-03-09,86371.0,24.450000762939453
2018-03-12,86900.0,24.3799991607666
2018-03-13,86384.0,24.40999984741211
2018-03-14,86051.0,24.360000610351562
2018-03-15,84928.0,24.25
2018-03-16,84886.0,24.280000686645508
2018-03-19,83913.0,24.030000686645508
2018-03-20,84164.0,24.06999969482422
2018-03-21,84977.0,24.3700008392334
2018-03-22,84768.0,24.18000030517578
2018-03-23,84377.0,24.25
2018-03-26,85088.0,24.280000686645508
2018-03-27,83808.0,24.15999984741211
2018-03-28,83874.0,24.09000015258789
2018-03-29,85366.0,24.350000381469727
2018-04-02,84666.0,24.1299991607666
2018-04-03,84623.0,24.200000762939453
2018-04-04,84360.0,24.100000381469727
2018-04-05,85210.0,24.219999313354492
2018-04-06,84820.0,24.139999389648438
2018-04-09,83307.0,24.469999313354492
2018-04-10,84510.0,24.780000686645508
2018-04-11,85246.0,24.860000610351562
2018-04-12,85444.0,24.809999465942383
2018-04-13,84334.0,24.889999389648438
2018-04-16,82862.0,24.799999237060547
2018-04-17,84086.0,24.81999969482422
2018-04-18,85776.0,25.290000915527344
2018-04-19,85824.0,25.139999389648438
2018-04-20,85550.0,25.09000015258789
2018-04-23,85602.0,24.8799991607666
2018-04-24,85469.0,24.850000381469727
2018-04-25,85044.0,24.90999984741211
2018-04-26,86383.0,24.969999313354492
2018-04-27,86445.0,24.969999313354492
2018-04-30,86115.0,24.989999771118164
2018-05-02,84547.0,24.969999313354492
2018-05-03,83288.0,25.100000381469727
2018-05-04,83118.0,25.15999984741211
2018-05-07,82714.0,25.010000228881836
2018-05-08,82956.0,25.110000610351562
2018-05-09,84265.0,25.200000762939453
2018-05-10,85861.0,25.299999237060547
2018-05-11,85220.0,25.139999389648438
2018-05-14,85232.0,25.270000457763672
2018-05-15,85130.0,25.190000534057617
2018-05-16,86537.0,25.200000762939453
2018-05-17,83622.0,25.270000457763672
2018-05-18,83082.0,25.280000686645508
2018-05-21,81815.0,25.489999771118164
2018-05-22,82739.0,25.56999969482422
2018-05-23,80867.0,25.68000030517578
2018-05-24,80122.0,25.670000076293945
2018-05-25,78898.0,25.469999313354492
2018-05-29,76072.0,25.25
2018-05-30,76754.0,25.450000762939453
2018-06-01,77240.0,25.299999237060547
2018-06-04,78596.0,25.030000686645508
2018-06-05,76642.0,25.049999237060547
2018-06-06,76117.0,25.18000030517578
2018-06-07,73851.0,25.18000030517578
2018-06-08,72942.0,25.209999084472656
2018-06-11,72308.0,25.09000015258789
2018-06-12,72754.0,25.170000076293945
2018-06-13,72122.0,25.209999084472656
2018-06-14,71421.0,24.93000030517578
2018-06-15,70758.0,24.469999313354492
2018-06-18,69815.0,24.459999084472656
2018-06-19,71394.0,24.149999618530273
2018-06-20,72123.0,24.149999618530273
2018-06-21,70075.0,24.079999923706055
2018-06-22,70641.0,24.389999389648438
2018-06-25,70953.0,23.989999771118164
2018-06-26,71405.0,24.149999618530273
2018-06-27,70609.0,24.229999542236328
2018-06-28,71767.0,24.18000030517578
2018-06-29,72763.0,24.350000381469727
2018-07-02,72840.0,23.8799991607666
2018-07-03,73668.0,23.889999389648438
2018-07-05,74553.0,23.799999237060547
2018-07-06,75010.0,23.979999542236328
2018-07-10,74862.0,23.81999969482422
2018-07-11,74399.0,23.170000076293945
2018-07-12,75856.0,23.270000457763672
2018-07-13,76594.0,23.200000762939453
2018-07-16,76653.0,22.959999084472656
2018-07-17,78130.0,22.90999984741211
2018-07-18,77363.0,23.020000457763672
2018-07-19,77487.0,23.010000228881836
2018-07-20,78571.0,23.190000534057617
2018-07-23,77996.0,23.18000030517578
2018-07-24,79155.0,23.329999923706055
2018-07-25,80218.0,23.690000534057617
2018-07-26,79405.0,23.579999923706055
2018-07-27,79866.0,23.56999969482422
2018-07-30,80276.0,23.719999313354492
2018-07-31,79220.0,23.739999771118164
2018-08-01,79302.0,23.3700008392334
2018-08-02,79637.0,23.459999084472656
2018-08-03,81435.0,23.600000381469727
2018-08-06,81051.0,23.639999389648438
2018-08-07,80347.0,23.780000686645508
2018-08-08,79152.0,23.68000030517578
2018-08-09,78768.0,23.59000015258789
2018-08-10,76514.0,23.3700008392334
2018-08-13,77496.0,23.190000534057617
2018-08-14,78602.0,23.25
2018-08-15,77078.0,22.729999542236328
2018-08-16,76819.0,22.959999084472656
2018-08-17,76029.0,23.190000534057617
2018-08-20,76328.0,23.1299991607666
2018-08-21,75180.0,23.139999389648438
2018-08-22,76902.0,23.200000762939453
2018-08-23,75634.0,23.030000686645508
2018-08-24,76262.0,23.200000762939453
2018-08-27,77930.0,23.25
2018-08-28,77473.0,23.09000015258789
2018-08-29,78389.0,23.299999237060547
2018-08-30,76404.0,23.18000030517578
2018-08-31,76678.0,23.270000457763672
2018-09-04,74712.0,23.030000686645508
2018-09-05,75092.0,22.940000534057617
2018-09-06,76416.0,22.8799991607666
2018-09-10,76436.0,23.030000686645508
2018-09-11,74657.0,23.020000457763672
2018-09-12,75125.0,23.200000762939453
2018-09-13,74687.0,22.950000762939453
2018-09-14,75429.0,22.809999465942383
2018-09-17,76789.0,22.760000228881836
2018-09-18,78314.0,22.959999084472656
2018-09-19,78169.0,23.139999389648438
2018-09-20,78116.0,23.31999969482422
2018-09-21,79444.0,23.510000228881836
2018-09-24,77984.0,23.6299991607666
2018-09-25,78630.0,23.690000534057617
2018-09-26,78656.0,23.549999237060547
2018-09-27,80000.0,23.6200008392334
2018-09-28,79342.0,23.760000228881836
2018-10-01,78624.0,24.149999618530273
2018-10-02,81612.0,24.3799991607666
2018-10-03,83273.0,24.59000015258789
2018-10-04,82953.0,24.309999465942383
2018-10-05,82322.0,24.299999237060547
2018-10-08,86084.0,24.329999923706055
2018-10-09,86088.0,24.43000030517578
2018-10-10,83679.0,24.059999465942383
2018-10-11,82921.0,23.959999084472656
2018-10-15,83360.0,24.3700008392334
2018-10-16,85718.0,24.34000015258789
2018-10-17,85764.0,24.270000457763672
2018-10-18,83847.0,23.940000534057617
2018-10-19,84220.0,24.040000915527344
2018-10-22,85597.0,23.969999313354492
2018-10-23,85300.0,23.770000457763672
2018-10-24,83064.0,23.610000610351562
2018-10-25,84084.0,23.559999465942383
2018-10-26,85720.0,23.760000228881836
2018-10-29,83797.0,23.440000534057617
2018-10-30,86886.0,23.290000915527344
2018-10-31,87424.0,23.15999984741211
2018-11-01,88419.0,23.239999771118164
2018-11-05,89598.0,23.450000762939453
2018-11-06,88669.0,23.309999465942383
2018-11-07,87714.0,23.299999237060547
2018-11-08,85620.0,23.170000076293945
2018-11-09,85641.0,23.010000228881836
2018-11-12,85525.0,23.06999969482422
2018-11-13,84914.0,22.84000015258789
2018-11-14,85973.0,23.670000076293945
2018-11-16,88515.0,23.5
2018-11-19,87901.0,23.59000015258789
2018-11-21,87269.0,23.229999542236328
2018-11-23,86230.0,22.799999237060547
2018-11-26,85547.0,22.610000610351562
2018-11-27,87891.0,22.510000228881836
2018-11-28,89251.0,22.920000076293945
2018-11-29,89710.0,22.959999084472656
2018-11-30,89504.0,22.950000762939453
2018-12-03,89820.0,23.09000015258789
2018-12-04,88624.0,23.219999313354492
2018-12-06,88846.0,22.989999771118164
2018-12-07,88115.0,23.299999237060547
2018-12-10,85915.0,23.040000915527344
2018-12-11,86420.0,23.010000228881836
2018-12-12,86977.0,22.860000610351562
2018-12-13,87838.0,23.030000686645508
2018-12-14,87450.0,22.549999237060547
2018-12-17,86400.0,22.200000762939453
2018-12-18,86610.0,22.040000915527344
2018-12-19,85674.0,22.0
2018-12-20,85269.0,21.889999389648438
2018-12-21,85697.0,21.670000076293945
2018-12-26,85136.0,21.649999618530273
2018-12-27,85460.0,21.540000915527344
2018-12-28,87887.0,21.399999618530273
2019-01-02,91012.0,21.239999771118164
2019-01-03,91564.0,21.40999984741211
2019-01-04,91841.0,21.690000534057617
2019-01-07,91699.0,21.75
2019-01-08,92032.0,21.8700008392334
2019-01-09,93613.0,22.18000030517578
2019-01-10,93806.0,22.030000686645508
2019-01-11,93658.0,22.110000610351562
2019-01-14,94474.0,22.15999984741211
2019-01-15,94056.0,22.239999771118164
2019-01-16,94393.0,22.290000915527344
2019-01-17,95351.0,22.399999618530273
2019-01-18,96097.0,22.579999923706055
2019-01-22,95103.0,22.270000457763672
2019-01-23,96558.0,22.260000228881836
2019-01-24,97677.0,22.309999465942383
2019-01-28,95444.0,22.190000534057617
2019-01-29,95639.0,22.389999389648438
2019-01-30,96996.0,22.559999465942383
2019-01-31,97394.0,22.43000030517578
2019-02-01,97861.0,22.559999465942383
2019-02-04,98589.0,22.600000381469727
2019-02-05,98311.0,22.530000686645508
2019-02-06,94636.0,22.520000457763672
2019-02-07,94406.0,22.280000686645508
2019-02-08,95343.0,22.260000228881836
2019-02-11,94413.0,22.1200008392334
2019-02-12,96168.0,22.25
2019-02-13,95842.0,22.299999237060547
2019-02-14,98015.0,22.239999771118164
2019-02-15,97526.0,22.59000015258789
2019-02-19,97659.0,22.65999984741211
2019-02-20,96545.0,22.760000228881836
2019-02-21,96932.0,22.829999923706055
2019-02-22,97886.0,22.899999618530273
2019-02-25,97240.0,22.649999618530273
2019-02-26,97603.0,22.65999984741211
2019-02-27,97307.0,22.799999237060547
2019-02-28,95584.0,22.700000762939453
2019-03-01,94604.0,22.530000686645508
2019-03-06,94217.0,22.530000686645508
2019-03-07,94340.0,22.420000076293945
2019-03-08,95365.0,22.440000534057617
2019-03-11,98027.0,22.389999389648438
2019-03-12,97828.0,22.579999923706055
2019-03-13,98904.0,22.799999237060547
2019-03-14,98605.0,22.690000534057617
2019-03-15,99137.0,22.780000686645508
2019-03-18,99994.0,22.889999389648438
2019-03-19,99588.0,22.93000030517578
2019-03-20,98041.0,23.1299991607666
2019-03-21,96729.0,23.049999237060547
2019-03-22,93735.0,22.850000381469727
2019-03-25,93662.0,22.920000076293945
2019-03-26,95307.0,22.959999084472656
2019-03-27,91903.0,22.780000686645508
2019-03-28,94389.0,22.670000076293945
2019-03-29,95415.0,22.65999984741211
2019-04-01,96054.0,22.829999923706055
2019-04-02,95387.0,22.93000030517578
2019-04-03,94491.0,23.010000228881836
2019-04-04,96313.0,23.049999237060547
2019-04-05,97108.0,23.09000015258789
2019-04-08,97369.0,23.219999313354492
2019-04-09,96292.0,23.15999984741211
2019-04-10,95953.0,23.280000686645508
2019-04-11,94755.0,23.06999969482422
2019-04-12,92875.0,23.190000534057617
2019-04-15,93083.0,23.06999969482422
2019-04-16,94333.0,22.989999771118164
2019-04-17,93285.0,22.850000381469727
2019-04-18,94578.0,22.8799991607666
2019-04-22,94588.0,22.969999313354492
2019-04-23,95923.0,22.8799991607666
2019-04-24,95045.0,22.780000686645508
2019-04-25,96552.0,22.700000762939453
2019-04-26,96236.0,22.549999237060547
2019-04-29,96188.0,22.520000457763672
2019-04-30,96353.0,22.549999237060547
2019-05-02,95528.0,22.229999542236328
2019-05-03,96008.0,22.260000228881836
2019-05-06,95009.0,22.25
2019-05-07,94389.0,22.0
2019-05-08,95597.0,21.979999542236328
2019-05-09,94808.0,21.8700008392334
2019-05-10,94258.0,21.93000030517578
2019-05-13,91727.0,21.780000686645508
2019-05-14,92092.0,22.110000610351562
2019-05-15,91623.0,22.25
2019-05-16,90024.0,22.469999313354492
2019-05-17,89993.0,22.200000762939453
2019-05-20,91946.0,22.31999969482422
2019-05-21,94485.0,22.270000457763672
2019-05-22,94361.0,21.989999771118164
2019-05-23,93910.0,21.700000762939453
2019-05-24,93628.0,21.969999313354492
2019-05-28,96393.0,22.139999389648438
2019-05-29,96567.0,22.15999984741211
2019-05-30,97457.0,22.040000915527344
2019-05-31,97030.0,21.56999969482422
2019-06-03,97020.0,21.489999771118164
2019-06-04,97380.0,21.6299991607666
2019-06-05,95999.0,21.229999542236328
2019-06-06,97205.0,21.520000457763672
2019-06-07,97821.0,21.450000762939453
2019-06-10,97467.0,21.43000030517578
2019-06-11,98960.0,21.559999465942383
2019-06-12,98321.0,21.399999618530273
2019-06-13,98774.0,21.600000381469727
2019-06-14,98040.0,21.690000534057617
2019-06-17,97623.0,21.639999389648438
2019-06-18,99404.0,21.829999923706055
2019-06-19,100303.0,21.770000457763672
2019-06-21,102013.0,22.049999237060547
2019-06-24,102062.0,22.280000686645508
2019-06-25,100093.0,22.329999923706055
2019-06-26,100689.0,22.420000076293945
2019-06-27,100724.0,22.450000762939453
2019-06-28,100967.0,22.239999771118164
2019-07-01,101340.0,22.09000015258789
2019-07-02,100605.0,21.809999465942383
2019-07-03,102043.0,22.100000381469727
2019-07-05,104089.0,22.1299991607666
2019-07-08,104530.0,22.059999465942383
2019-07-10,105817.0,22.600000381469727
2019-07-11,105146.0,22.59000015258789
2019-07-12,103906.0,22.799999237060547
2019-07-15,103803.0,22.56999969482422
2019-07-16,103775.0,22.31999969482422
2019-07-17,103856.0,22.280000686645508
2019-07-18,104717.0,22.200000762939453
2019-07-19,103452.0,22.270000457763672
2019-07-22,103949.0,22.18000030517578
2019-07-23,103704.0,22.25
2019-07-24,104120.0,22.200000762939453
2019-07-25,102655.0,22.06999969482422
2019-07-26,102819.0,22.020000457763672
2019-07-29,103483.0,22.1299991607666
2019-07-30,102933.0,22.149999618530273
2019-07-31,101812.0,21.979999542236328
2019-08-01,102126.0,21.520000457763672
2019-08-02,102674.0,21.479999542236328
2019-08-05,100098.0,21.40999984741211
2019-08-06,102164.0,21.31999969482422
2019-08-07,102782.0,21.290000915527344
2019-08-08,104115.0,21.5
2019-08-09,103996.0,21.600000381469727
2019-08-12,101915.0,21.3700008392334
2019-08-13,103299.0,21.649999618530273
2019-08-14,100258.0,21.420000076293945
2019-08-15,99057.0,21.3799991607666
2019-08-16,99806.0,21.350000381469727
2019-08-19,99469.0,21.329999923706055
2019-08-20,99222.0,21.3700008392334
2019-08-21,101202.0,21.389999389648438
2019-08-22,100011.0,21.270000457763672
2019-08-23,97667.0,21.1299991607666
2019-08-26,96430.0,21.239999771118164
2019-08-27,97276.0,21.350000381469727
2019-08-28,98194.0,21.559999465942383
2019-08-29,100524.0,21.6200008392334
2019-08-30,101135.0,21.479999542236328
2019-09-03,99681.0,21.5
2019-09-04,101201.0,21.959999084472656
2019-09-05,102243.0,21.790000915527344
2019-09-06,102935.0,21.760000228881836
2019-09-09,103181.0,21.969999313354492
2019-09-10,103032.0,22.079999923706055
2019-09-11,103446.0,21.90999984741211
2019-09-12,104371.0,22.0
2019-09-13,103501.0,22.06999969482422
2019-09-16,103680.0,22.84000015258789
2019-09-17,104617.0,22.43000030517578
2019-09-18,104532.0,22.290000915527344
2019-09-19,104339.0,22.329999923706055
2019-09-20,104817.0,22.299999237060547
2019-09-23,104638.0,22.43000030517578
2019-09-24,103876.0,22.239999771118164
2019-09-25,104481.0,22.1299991607666
2019-09-26,105319.0,22.040000915527344
2019-09-27,105078.0,21.940000534057617
2019-09-30,104745.0,21.799999237060547
2019-10-01,104053.0,21.81999969482422
2019-10-02,101031.0,21.68000030517578
2019-10-03,101516.0,21.75
2019-10-04,102551.0,21.829999923706055
2019-10-07,100573.0,21.729999542236328
2019-10-08,99981.0,21.780000686645508
2019-10-09,101249.0,21.799999237060547
2019-10-10,101817.0,21.809999465942383
2019-10-11,103832.0,22.110000610351562
2019-10-14,104302.0,22.079999923706055
2019-10-15,104490.0,22.010000228881836
2019-10-16,105423.0,21.950000762939453
2019-10-17,105016.0,22.040000915527344
2019-10-18,104729.0,22.09000015258789
2019-10-21,106022.0,21.959999084472656
2019-10-22,107381.0,22.030000686645508
2019-10-23,107544.0,22.200000762939453
2019-10-24,106986.0,22.329999923706055
2019-10-25,107364.0,22.399999618530273
2019-10-28,108187.0,22.3700008392334
2019-10-29,107556.0,22.360000610351562
2019-10-30,108408.0,22.3799991607666
2019-10-31,107220.0,22.260000228881836
2019-11-01,108196.0,22.6299991607666
2019-11-04,108601.0,22.719999313354492
2019-11-05,108451.0,22.799999237060547
2019-11-06,108336.0,22.610000610351562
2019-11-07,109581.0,22.510000228881836
2019-11-08,107629.0,22.520000457763672
2019-11-11,108215.0,22.209999084472656
2019-11-12,106785.0,22.25
2019-11-13,105914.0,22.260000228881836
2019-11-14,106557.0,22.170000076293945
2019-11-18,106347.0,21.959999084472656
2019-11-19,105618.0,21.809999465942383
2019-11-21,107497.0,22.09000015258789
2019-11-22,108692.0,22.110000610351562
2019-11-25,108424.0,22.059999465942383
2019-11-26,107059.0,22.1200008392334
2019-11-27,107708.0,22.010000228881836
2019-11-29,108233.0,21.65999984741211
2019-12-02,109061.0,21.59000015258789
2019-12-03,108956.0,21.690000534057617
2019-12-04,110301.0,21.850000381469727
2019-12-05,110622.0,21.899999618530273
2019-12-06,111126.0,21.989999771118164
2019-12-09,110977.0,21.940000534057617
2019-12-10,110672.0,22.06999969482422
2019-12-11,110964.0,22.049999237060547
2019-12-12,112200.0,22.309999465942383
2019-12-13,112565.0,22.34000015258789
2019-12-16,111896.0,22.6299991607666
2019-12-17,112616.0,22.649999618530273
2019-12-18,114315.0,22.6200008392334
2019-12-19,115131.0,22.65999984741211
2019-12-20,115121.0,22.690000534057617
2019-12-23,115863.0,22.670000076293945
2019-12-26,117203.0,22.969999313354492
2019-12-27,116534.0,23.010000228881836
2019-12-30,115964.0,23.0
2020-01-02,118573.0,22.889999389648438
2020-01-03,117707.0,22.979999542236328
2020-01-06,116878.0,23.059999465942383
2020-01-07,116662.0,23.059999465942383
2020-01-08,116247.0,22.850000381469727
2020-01-09,115947.0,22.719999313354492
2020-01-10,115503.0,22.799999237060547
2020-01-13,117325.0,22.65999984741211
2020-01-14,117632.0,22.700000762939453
2020-01-15,116414.0,22.6200008392334
2020-01-16,116704.0,22.43000030517578
2020-01-17,118478.0,22.510000228881836
2020-01-21,117026.0,22.31999969482422
2020-01-22,118391.0,22.1299991607666
2020-01-23,119528.0,22.020000457763672
2020-01-24,118376.0,21.719999313354492
2020-01-27,114482.0,21.350000381469727
2020-01-28,116479.0,21.3700008392334
2020-01-29,115385.0,21.239999771118164
2020-01-30,115528.0,21.040000915527344
2020-01-31,113761.0,20.8799991607666
2020-02-03,114629.0,20.610000610351562
2020-02-04,115557.0,20.65999984741211
2020-02-05,116028.0,20.8799991607666
2020-02-06,115190.0,20.969999313354492
2020-02-07,113770.0,20.8700008392334
2020-02-10,112570.0,20.65999984741211
2020-02-11,115371.0,20.770000457763672
2020-02-12,116674.0,21.0
2020-02-13,115662.0,21.06999969482422
2020-02-14,114381.0,21.059999465942383
2020-02-18,114977.0,21.309999465942383
2020-02-19,116518.0,21.479999542236328
2020-02-20,114586.0,21.34000015258789
2020-02-21,113681.0,21.329999923706055
2020-02-26,105718.0,20.440000534057617
2020-02-27,102984.0,20.079999923706055
2020-02-28,104172.0,19.690000534057617
2020-03-02,106625.0,20.15999984741211
2020-03-03,105537.0,20.360000610351562
2020-03-04,107224.0,20.389999389648438
2020-03-05,102233.0,20.18000030517578
2020-03-06,97997.0,19.59000015258789
2020-03-09,86067.0,18.6200008392334
2020-03-10,92214.0,19.079999923706055
2020-03-11,85171.0,18.700000762939453
2020-03-12,72583.0,17.850000381469727
2020-03-13,82678.0,17.959999084472656
2020-03-16,71168.0,16.84000015258789
2020-03-17,74617.0,16.6200008392334
2020-03-18,66895.0,15.979999542236328
2020-03-19,68332.0,16.389999389648438
2020-03-20,67069.0,16.280000686645508
2020-03-23,63570.0,16.56999969482422
2020-03-24,69729.0,17.18000030517578
2020-03-25,74956.0,17.280000686645508
2020-03-26,77710.0,17.030000686645508
2020-03-27,73429.0,17.110000610351562
2020-03-30,74640.0,16.6200008392334
2020-03-31,73020.0,16.530000686645508
2020-04-01,70967.0,16.049999237060547
2020-04-02,72253.0,16.34000015258789
2020-04-03,69538.0,16.709999084472656
2020-04-06,74073.0,17.010000228881836
2020-04-07,76358.0,17.059999465942383
2020-04-08,78625.0,17.190000534057617
2020-04-09,77682.0,17.1299991607666
2020-04-13,78836.0,17.1200008392334
2020-04-14,79918.0,17.020000457763672
2020-04-15,78831.0,16.700000762939453
2020-04-16,77812.0,16.670000076293945
2020-04-17,78990.0,16.68000030517578
2020-04-20,78973.0,16.6200008392334
2020-04-22,80687.0,16.219999313354492
2020-04-23,79673.0,16.209999084472656
2020-04-24,75331.0,16.049999237060547
2020-04-27,78239.0,15.899999618530273
2020-04-28,81312.0,15.84000015258789
2020-04-29,83171.0,16.030000686645508
2020-04-30,80506.0,16.229999542236328
2020-05-04,78876.0,16.3799991607666
2020-05-05,79471.0,16.709999084472656
2020-05-06,79064.0,16.479999542236328
2020-05-07,78119.0,16.639999389648438
2020-05-08,80263.0,16.75
2020-05-11,79065.0,16.600000381469727
2020-05-12,77872.0,16.40999984741211
2020-05-13,77772.0,16.200000762939453
2020-05-14,79011.0,16.40999984741211
2020-05-15,77557.0,16.43000030517578
2020-05-18,81194.0,16.969999313354492
2020-05-19,80742.0,16.940000534057617
2020-05-20,81319.0,17.190000534057617
2020-05-21,83027.0,16.979999542236328
2020-05-22,82173.0,16.889999389648438
2020-05-26,85469.0,16.989999771118164
2020-05-27,87946.0,16.8700008392334
2020-05-28,86949.0,16.860000610351562
2020-05-29,87403.0,17.100000381469727
2020-06-01,88620.0,17.170000076293945
2020-06-02,91046.0,17.25
2020-06-03,93002.0,17.200000762939453
2020-06-04,93829.0,17.329999923706055
2020-06-05,94637.0,17.520000457763672
2020-06-08,97645.0,17.530000686645508
2020-06-09,96747.0,17.459999084472656
2020-06-10,94686.0,17.670000076293945
2020-06-12,92795.0,17.219999313354492
2020-06-15,92376.0,17.18000030517578
2020-06-16,93531.0,17.260000228881836
2020-06-17,95547.0,17.219999313354492
2020-06-18,96125.0,17.280000686645508
2020-06-19,96572.0,17.440000534057617
2020-06-22,95336.0,17.5
2020-06-23,95975.0,17.489999771118164
2020-06-24,94377.0,17.1299991607666
2020-06-25,95983.0,17.1200008392334
2020-06-26,93834.0,16.950000762939453
2020-06-29,95735.0,17.309999465942383
2020-06-30,95056.0,17.59000015258789
2020-07-01,96203.0,17.670000076293945
2020-07-02,96235.0,17.780000686645508
2020-07-06,98937.0,17.979999542236328
2020-07-07,97761.0,18.049999237060547
2020-07-08,99770.0,18.219999313354492
2020-07-09,99160.0,18.079999923706055
2020-07-10,100032.0,18.139999389648438
2020-07-13,98697.0,17.920000076293945
2020-07-14,100440.0,17.979999542236328
2020-07-15,101791.0,18.139999389648438
2020-07-16,100553.0,18.06999969482422
2020-07-17,102888.0,18.06999969482422
2020-07-20,104426.0,17.989999771118164
2020-07-21,104310.0,18.31999969482422
2020-07-22,104290.0,18.559999465942383
2020-07-23,102293.0,18.610000610351562
2020-07-24,102382.0,18.65999984741211
2020-07-27,104477.0,18.809999465942383
2020-07-28,104109.0,18.770000457763672
2020-07-29,105605.0,18.899999618530273
2020-07-30,105009.0,18.739999771118164
2020-07-31,102912.0,18.889999389648438
2020-08-03,102830.0,19.200000762939453
2020-08-04,101216.0,19.420000076293945
2020-08-05,102802.0,19.6299991607666
2020-08-06,104126.0,19.739999771118164
2020-08-07,102776.0,19.459999084472656
2020-08-10,103444.0,19.559999465942383
2020-08-11,102174.0,19.06999969482422
2020-08-12,102118.0,19.299999237060547
2020-08-13,100461.0,19.450000762939453
2020-08-14,101353.0,19.530000686645508
2020-08-17,99595.0,19.950000762939453
2020-08-18,102065.0,20.030000686645508
2020-08-19,100854.0,19.8799991607666
2020-08-20,101468.0,19.889999389648438
2020-08-21,101521.0,19.700000762939453
2020-08-24,102298.0,19.790000915527344
2020-08-25,102118.0,19.979999542236328
2020-08-26,100627.0,20.0
2020-08-27,100624.0,20.09000015258789
2020-08-28,102143.0,20.31999969482422
2020-08-31,99369.0,20.3799991607666
2020-09-01,102168.0,20.399999618530273
2020-09-02,101911.0,20.219999313354492
2020-09-03,100721.0,19.969999313354492
2020-09-04,101242.0,20.100000381469727
2020-09-08,100050.0,19.68000030517578
2020-09-09,101292.0,19.799999237060547
2020-09-10,98835.0,19.59000015258789
2020-09-11,98363.0,19.75
2020-09-14,100275.0,19.829999923706055
2020-09-15,100298.0,19.81999969482422
2020-09-16,99676.0,19.959999084472656
2020-09-17,100098.0,20.049999237060547
2020-09-18,98290.0,20.200000762939453
2020-09-21,96991.0,19.700000762939453
2020-09-22,97294.0,19.579999923706055
2020-09-23,95735.0,19.3700008392334
2020-09-24,97012.0,19.5
2020-09-25,96999.0,19.489999771118164
2020-09-28,94666.0,19.59000015258789
2020-09-29,93580.0,19.25
2020-09-30,94603.0,19.479999542236328
2020-10-01,95479.0,19.270000457763672
2020-10-02,94016.0,19.1299991607666
2020-10-05,96089.0,19.6200008392334
2020-10-06,95615.0,19.549999237060547
2020-10-07,95526.0,19.84000015258789
2020-10-08,97920.0,19.950000762939453
2020-10-09,97483.0,20.329999923706055
2020-10-13,98503.0,20.06999969482422
2020-10-14,99334.0,20.229999542236328
2020-10-15,99054.0,20.40999984741211
2020-10-16,98309.0,20.309999465942383
2020-10-19,98658.0,20.34000015258789
2020-10-20,100540.0,20.520000457763672
2020-10-21,100552.0,20.579999923706055
2020-10-22,101918.0,20.5
2020-10-23,101260.0,20.420000076293945
2020-10-26,101017.0,20.299999237060547
2020-10-27,99606.0,20.3799991607666
2020-10-28,95369.0,19.90999984741211
2020-10-29,96582.0,19.799999237060547
2020-10-30,93952.0,19.850000381469727
2020-11-03,95587.0,19.969999313354492
2020-11-04,97811.0,20.110000610351562
2020-11-05,100774.0,20.280000686645508
2020-11-06,100799.0,20.190000534057617
2020-11-09,103913.0,20.110000610351562
2020-11-10,105351.0,20.520000457763672
2020-11-11,104532.0,20.56999969482422
2020-11-12,102175.0,20.420000076293945
2020-11-13,104512.0,20.469999313354492
2020-11-16,106430.0,20.479999542236328
2020-11-17,107229.0,20.489999771118164
2020-11-18,106483.0,20.540000915527344
2020-11-19,106517.0,20.440000534057617
2020-11-23,107379.0,20.559999465942383
2020-11-24,109786.0,20.770000457763672
2020-11-25,110133.0,20.799999237060547
2020-11-27,110575.0,20.81999969482422
2020-11-30,108888.0,20.690000534057617
2020-12-01,111335.0,20.739999771118164
2020-12-02,111814.0,20.690000534057617
2020-12-03,112919.0,20.540000915527344
2020-12-04,113682.0,20.610000610351562
2020-12-07,113625.0,20.559999465942383
2020-12-08,113571.0,20.469999313354492
2020-12-09,112722.0,20.5
2020-12-10,114992.0,20.829999923706055
2020-12-11,115323.0,20.84000015258789
2020-12-14,114975.0,20.899999618530273
2020-12-15,116146.0,21.100000381469727
2020-12-16,117947.0,21.209999084472656
2020-12-17,118157.0,21.510000228881836
2020-12-18,117679.0,21.6299991607666
2020-12-21,116016.0,21.520000457763672
2020-12-22,116348.0,21.34000015258789
2020-12-23,117857.0,21.510000228881836
2020-12-28,119051.0,21.389999389648438
2020-12-29,119475.0,21.579999923706055
2020-12-30,119306.0,21.700000762939453
2021-01-04,118558.0,22.09000015258789
2021-01-05,119223.0,22.670000076293945
2021-01-06,119851.0,22.6200008392334
2021-01-07,121956.0,22.579999923706055
2021-01-08,125077.0,22.469999313354492
2021-01-11,122807.0,22.299999237060547
2021-01-12,123998.0,22.809999465942383
2021-01-13,122040.0,22.690000534057617
2021-01-14,123481.0,22.899999618530273
2021-01-15,120502.0,22.649999618530273
2021-01-19,120673.0,22.489999771118164
2021-01-20,119708.0,22.579999923706055
2021-01-21,118443.0,22.56999969482422
2021-01-22,117172.0,22.190000534057617
2021-01-26,116464.0,22.670000076293945
2021-01-27,115882.0,22.59000015258789
2021-01-28,119314.0,22.530000686645508
2021-01-29,116007.0,22.530000686645508
2021-02-01,117365.0,23.020000457763672
2021-02-02,118234.0,22.940000534057617
2021-02-03,119725.0,23.06999969482422
2021-02-04,119261.0,23.18000030517578
2021-02-05,119925.0,23.3700008392334
2021-02-08,119516.0,23.65999984741211
2021-02-09,119429.0,23.75
2021-02-10,118430.0,23.68000030517578
2021-02-11,119235.0,23.6200008392334
2021-02-12,119116.0,23.84000015258789
2021-02-17,120391.0,24.25
2021-02-18,119140.0,24.190000534057617
2021-02-19,118748.0,24.18000030517578
2021-02-22,112668.0,24.709999084472656
2021-02-23,115227.0,24.780000686645508
2021-02-24,115668.0,25.059999465942383
2021-02-25,112256.0,24.75
2021-02-26,110035.0,24.260000228881836
2021-03-01,110335.0,24.020000457763672
2021-03-02,111540.0,24.170000076293945
2021-03-03,111184.0,24.06999969482422
2021-03-04,112690.0,24.06999969482422
2021-03-05,115202.0,24.5
2021-03-08,110612.0,24.219999313354492
2021-03-09,111331.0,24.239999771118164
2021-03-10,112776.0,24.260000228881836
2021-03-11,114984.0,24.600000381469727
2021-03-12,114160.0,24.479999542236328
2021-03-15,114851.0,24.450000762939453
2021-03-16,114019.0,24.43000030517578
2021-03-17,116549.0,24.40999984741211
2021-03-18,114835.0,23.56999969482422
2021-03-19,116222.0,23.950000762939453
2021-03-22,114979.0,24.040000915527344
2021-03-23,113262.0,23.440000534057617
2021-03-24,112064.0,23.790000915527344
2021-03-25,113750.0,23.489999771118164
2021-03-26,114781.0,23.809999465942383
2021-03-29,115419.0,23.739999771118164
2021-03-30,116850.0,23.31999969482422
2021-03-31,116634.0,23.65999984741211
2021-04-01,115253.0,23.760000228881836
2021-04-05,117518.0,23.510000228881836
2021-04-06,117499.0,23.639999389648438
2021-04-07,117624.0,23.729999542236328
2021-04-08,118313.0,23.93000030517578
2021-04-09,117670.0,23.81999969482422
2021-04-12,118812.0,23.639999389648438
2021-04-13,119297.0,23.920000076293945
2021-04-14,120295.0,24.3799991607666
2021-04-15,120701.0,24.649999618530273
2021-04-16,121114.0,24.639999389648438
2021-04-19,120934.0,24.739999771118164
2021-04-20,120062.0,24.75
2021-04-22,119371.0,25.1299991607666
2021-04-23,120530.0,25.270000457763672
2021-04-26,120595.0,25.670000076293945
2021-04-27,119388.0,25.84000015258789
2021-04-28,121053.0,25.860000610351562
2021-04-29,120066.0,25.850000381469727
2021-04-30,118894.0,25.969999313354492
2021-05-03,119209.0,26.18000030517578
2021-05-04,117712.0,26.309999465942383
2021-05-05,119564.0,26.530000686645508
2021-05-06,119921.0,26.790000915527344
2021-05-07,122038.0,27.059999465942383
2021-05-10,121909.0,26.809999465942383
2021-05-11,122964.0,27.1200008392334
2021-05-12,119710.0,27.059999465942383
2021-05-13,120706.0,26.350000381469727
2021-05-14,121881.0,26.43000030517578
2021-05-17,122938.0,26.93000030517578
2021-05-18,122980.0,26.829999923706055
2021-05-19,122636.0,26.25
2021-05-20,122701.0,26.030000686645508
2021-05-21,122592.0,26.110000610351562
2021-05-24,124032.0,26.299999237060547
2021-05-25,122988.0,26.25
2021-05-26,123989.0,26.280000686645508
2021-05-27,124367.0,26.739999771118164
2021-05-28,125561.0,26.770000457763672
2021-06-01,128267.0,27.170000076293945
2021-06-02,129601.0,27.280000686645508
2021-06-04,130126.0,27.309999465942383
2021-06-07,130776.0,27.200000762939453
2021-06-08,129787.0,27.40999984741211
2021-06-09,129907.0,27.270000457763672
2021-06-10,130076.0,27.40999984741211
2021-06-11,129441.0,27.389999389648438
2021-06-14,130208.0,27.229999542236328
2021-06-15,130091.0,26.920000076293945
2021-06-16,129259.0,26.700000762939453
2021-06-17,128057.0,25.739999771118164
2021-06-18,128405.0,26.0
2021-06-21,129265.0,26.309999465942383
2021-06-22,128767.0,26.299999237060547
2021-06-23,128428.0,26.399999618530273
2021-06-24,129514.0,26.489999771118164
2021-06-25,127256.0,26.56999969482422
2021-06-28,127429.0,26.760000228881836
2021-06-29,127327.0,26.90999984741211
2021-06-30,126802.0,27.200000762939453
2021-07-01,125666.0,27.280000686645508
2021-07-02,127622.0,27.450000762939453
2021-07-06,125095.0,26.770000457763672
2021-07-07,127019.0,26.5
2021-07-08,125428.0,26.65999984741211
2021-07-12,127594.0,27.049999237060547
2021-07-13,128168.0,27.260000228881836
2021-07-14,128407.0,27.1299991607666
2021-07-15,127468.0,27.079999923706055
2021-07-16,125960.0,27.09000015258789
2021-07-19,124395.0,26.399999618530273
2021-07-20,125401.0,26.829999923706055
2021-07-21,125929.0,27.309999465942383
2021-07-22,126147.0,27.56999969482422
2021-07-23,125053.0,27.639999389648438
2021-07-26,126004.0,27.969999313354492
2021-07-27,124612.0,27.709999084472656
2021-07-28,126286.0,27.790000915527344
2021-07-29,125675.0,28.229999542236328
2021-07-30,121801.0,27.84000015258789
2021-08-02,122516.0,27.65999984741211
2021-08-03,123577.0,27.530000686645508
2021-08-04,121801.0,27.270000457763672
2021-08-05,121633.0,27.559999465942383
2021-08-06,122810.0,27.239999771118164
2021-08-09,123019.0,26.760000228881836
2021-08-10,122202.0,27.229999542236328
2021-08-11,122056.0,27.40999984741211
2021-08-12,120701.0,27.350000381469727
2021-08-13,121194.0,27.350000381469727
2021-08-16,119180.0,27.389999389648438
2021-08-17,117904.0,26.940000534057617
2021-08-18,116643.0,26.760000228881836
2021-08-19,117165.0,26.299999237060547
2021-08-20,118053.0,26.0
2021-08-23,117472.0,26.739999771118164
2021-08-24,120211.0,27.170000076293945
2021-08-25,120818.0,27.350000381469727
2021-08-26,118724.0,27.350000381469727
2021-08-27,120678.0,27.81999969482422
2021-08-30,119740.0,27.81999969482422
2021-08-31,118781.0,27.600000381469727
2021-09-01,119396.0,27.670000076293945
2021-09-02,116677.0,27.90999984741211
2021-09-03,116933.0,28.059999465942383
2021-09-08,113413.0,27.889999389648438
2021-09-09,115361.0,27.790000915527344
2021-09-10,114286.0,28.049999237060547
2021-09-13,116404.0,28.25
2021-09-14,116181.0,28.329999923706055
2021-09-15,115063.0,28.93000030517578
2021-09-16,113794.0,28.549999237060547
2021-09-17,111439.0,28.18000030517578
2021-09-20,108844.0,27.75
2021-09-21,110250.0,27.670000076293945
2021-09-22,112282.0,27.979999542236328
2021-09-23,114064.0,28.479999542236328
2021-09-24,113283.0,28.700000762939453
2021-09-27,113583.0,29.389999389648438
2021-09-28,110124.0,29.190000534057617
2021-09-29,111107.0,28.84000015258789
2021-09-30,110979.0,29.25
2021-10-01,112900.0,29.31999969482422
2021-10-04,110393.0,29.850000381469727
2021-10-05,110458.0,30.299999237060547
2021-10-06,110560.0,29.59000015258789
2021-10-07,110585.0,29.899999618530273
2021-10-08,112833.0,29.899999618530273
2021-10-11,112180.0,29.950000762939453
2021-10-13,113456.0,30.139999389648438
2021-10-14,113185.0,30.479999542236328
2021-10-15,114648.0,30.59000015258789
2021-10-18,114428.0,30.170000076293945
2021-10-19,110673.0,30.270000457763672
2021-10-20,110786.0,30.780000686645508
2021-10-21,107735.0,30.209999084472656
2021-10-22,106296.0,30.309999465942383
2021-10-25,108715.0,30.93000030517578
2021-10-26,106420.0,30.81999969482422
2021-10-27,106363.0,30.549999237060547
2021-10-28,105705.0,30.459999084472656
2021-10-29,103501.0,30.229999542236328
2021-11-01,105551.0,30.229999542236328
2021-11-03,105617.0,30.1200008392334
2021-11-04,103412.0,29.809999465942383
2021-11-05,104824.0,30.0
2021-11-08,104781.0,29.940000534057617
2021-11-09,105535.0,29.84000015258789
2021-11-10,105968.0,29.65999984741211
2021-11-11,107725.0,30.010000228881836
2021-11-12,106312.0,29.93000030517578
2021-11-16,104508.0,30.049999237060547
2021-11-17,102945.0,29.770000457763672
2021-11-18,102524.0,29.8700008392334
2021-11-19,103035.0,29.649999618530273
2021-11-22,102122.0,29.639999389648438
2021-11-23,103663.0,30.139999389648438
2021-11-24,104514.0,30.1200008392334
2021-11-26,102224.0,28.940000534057617
2021-11-29,102814.0,28.530000686645508
2021-11-30,101915.0,27.610000610351562
2021-12-01,100775.0,27.209999084472656
2021-12-02,104466.0,27.43000030517578
2021-12-03,105070.0,27.56999969482422
2021-12-06,106859.0,27.639999389648438
2021-12-07,107558.0,27.850000381469727
2021-12-08,108096.0,28.06999969482422
2021-12-09,106291.0,27.690000534057617
2021-12-10,107758.0,27.920000076293945
2021-12-13,107383.0,27.829999923706055
2021-12-14,106760.0,27.610000610351562
2021-12-15,107370.0,27.709999084472656
2021-12-16,108212.0,27.979999542236328
2021-12-17,107201.0,27.690000534057617
2021-12-20,105020.0,27.420000076293945
2021-12-21,105500.0,28.020000457763672
2021-12-22,105244.0,28.56999969482422
2021-12-23,104891.0,28.59000015258789
2021-12-27,105531.0,29.1200008392334
2021-12-28,104864.0,28.969999313354492
2021-12-29,104107.0,29.049999237060547
2021-12-30,104822.0,28.739999771118164
2022-01-03,103922.0,28.84000015258789
2022-01-04,103514.0,29.18000030517578
2022-01-05,101006.0,29.1299991607666
2022-01-06,101561.0,29.229999542236328
2022-01-07,102719.0,29.420000076293945
2022-01-10,101945.0,29.31999969482422
2022-01-11,103779.0,29.899999618530273
2022-01-12,105686.0,30.399999618530273
2022-01-13,105530.0,29.899999618530273
2022-01-14,106928.0,30.200000762939453
2022-01-18,106522.0,30.3799991607666
2022-01-19,108013.0,30.700000762939453
2022-01-20,109102.0,30.739999771118164
2022-01-21,108942.0,30.639999389648438
2022-01-24,107752.0,30.549999237060547
2022-01-25,109845.0,30.799999237060547
2022-01-26,111573.0,30.950000762939453
2022-01-27,112315.0,31.100000381469727
2022-01-28,111478.0,31.3700008392334
2022-01-31,112388.0,31.6200008392334
2022-02-01,113147.0,31.950000762939453
2022-02-02,112161.0,32.34000015258789
2022-02-03,111696.0,32.06999969482422
2022-02-04,112245.0,32.099998474121094
2022-02-07,111996.0,32.11000061035156
2022-02-08,112234.0,31.93000030517578
2022-02-09,112461.0,32.22999954223633
2022-02-10,113359.0,31.959999084472656
2022-02-11,113572.0,32.41999816894531
2022-02-14,113807.0,32.599998474121094
2022-02-15,114660.0,32.22999954223633
2022-02-16,115181.0,32.5099983215332
2022-02-17,113528.0,32.75
2022-02-18,112768.0,32.83000183105469
2022-02-22,112892.0,33.36000061035156
2022-02-23,112008.0,33.65999984741211
2022-02-24,111592.0,34.040000915527344
2022-02-25,113142.0,33.20000076293945
2022-03-02,115174.0,36.540000915527344
2022-03-03,115166.0,37.04999923706055
2022-03-04,114474.0,37.959999084472656
2022-03-07,111593.0,39.4900016784668
2022-03-08,111203.0,40.06999969482422
2022-03-09,113900.0,36.97999954223633
2022-03-10,113663.0,36.470001220703125
2022-03-11,111713.0,37.060001373291016
2022-03-14,109928.0,35.9900016784668
2022-03-15,108959.0,35.099998474121094
2022-03-16,111112.0,35.099998474121094
2022-03-17,113076.0,36.290000915527344
2022-03-18,115311.0,36.36000061035156
2022-03-21,116155.0,37.52000045776367
2022-03-22,117272.0,37.41999816894531
2022-03-23,117457.0,38.5
2022-03-24,119053.0,38.70000076293945
2022-03-25,119081.0,38.779998779296875
2022-03-28,118738.0,37.189998626708984
2022-03-29,120014.0,36.869998931884766
2022-03-30,120260.0,37.630001068115234
2022-03-31,119999.0,36.90999984741211
2022-04-01,121570.0,36.95000076293945
2022-04-04,121280.0,37.380001068115234
2022-04-05,118885.0,37.369998931884766
2022-04-06,118228.0,37.099998474121094
2022-04-07,118862.0,37.31999969482422
2022-04-08,118322.0,37.7599983215332
2022-04-11,116953.0,37.66999816894531
2022-04-12,116147.0,38.45000076293945
2022-04-13,116782.0,39.36000061035156
2022-04-14,116182.0,39.66999816894531
2022-04-18,115687.0,40.58000183105469
2022-04-19,115057.0,39.279998779296875
2022-04-20,114344.0,39.25
2022-04-22,111078.0,38.400001525878906
2022-04-25,110685.0,38.099998474121094
2022-04-26,108213.0,38.38999938964844
2022-04-27,109349.0,38.779998779296875
2022-04-28,109919.0,39.02000045776367
2022-04-29,107876.0,38.599998474121094
2022-05-02,106639.0,38.68000030517578
2022-05-03,106528.0,38.43000030517578
2022-05-04,108344.0,39.68000030517578
2022-05-05,105304.0,39.72999954223633
2022-05-06,105135.0,39.119998931884766
2022-05-09,103250.0,37.02000045776367
2022-05-10,103110.0,36.880001068115234
2022-05-11,104397.0,38.16999816894531
2022-05-12,105688.0,37.880001068115234
2022-05-13,106924.0,38.5099983215332
2022-05-16,108233.0,39.2599983215332
2022-05-17,108789.0,39.310001373291016
2022-05-18,106247.0,38.630001068115234
2022-05-19,107005.0,39.09000015258789
2022-05-20,108488.0,38.9900016784668
2022-05-23,110346.0,39.70000076293945
2022-05-24,110581.0,39.540000915527344
2022-05-25,110580.0,39.65999984741211
2022-05-26,111890.0,39.880001068115234
2022-05-27,111942.0,40.25
2022-05-31,111351.0,39.459999084472656
2022-06-01,111360.0,39.95000076293945
2022-06-02,112393.0,40.41999816894531
2022-06-03,111102.0,40.540000915527344
2022-06-06,110186.0,40.9900016784668
2022-06-07,110070.0,41.20000076293945
2022-06-08,108368.0,40.9900016784668
2022-06-09,107094.0,41.11000061035156
2022-06-10,105481.0,40.83000183105469
2022-06-13,102598.0,39.869998931884766
2022-06-14,102063.0,38.529998779296875
2022-06-15,102807.0,39.060001373291016
2022-06-17,99825.0,37.849998474121094
2022-06-21,99685.0,37.619998931884766
2022-06-22,99522.0,37.029998779296875
2022-06-23,98080.0,35.779998779296875
2022-06-24,98672.0,35.90999984741211
2022-06-27,100764.0,36.13999938964844
2022-06-28,100591.0,36.4900016784668
2022-06-29,99622.0,36.15999984741211
2022-06-30,98542.0,34.79999923706055
2022-07-01,98954.0,34.68000030517578
2022-07-05,98295.0,32.84000015258789
2022-07-06,98719.0,32.52000045776367
2022-07-07,100730.0,33.849998474121094
2022-07-08,100289.0,34.22999954223633
2022-07-11,98212.0,34.4900016784668
2022-07-12,98271.0,32.880001068115234
2022-07-13,97881.0,33.31999969482422
2022-07-14,96121.0,32.970001220703125
2022-07-15,96551.0,33.4900016784668
2022-07-18,96916.0,34.45000076293945
2022-07-19,98245.0,34.36000061035156
2022-07-20,98287.0,34.66999816894531
2022-07-21,99033.0,34.380001068115234
2022-07-22,98925.0,34.31999969482422
2022-07-25,100270.0,35.029998779296875
2022-07-26,99772.0,35.31999969482422
2022-07-27,101438.0,35.86000061035156
2022-07-28,102597.0,35.88999938964844
2022-07-29,103165.0,36.220001220703125
2022-08-01,102225.0,35.650001525878906
2022-08-02,103362.0,34.7400016784668
2022-08-03,103775.0,35.0099983215332
2022-08-04,105892.0,34.9900016784668
2022-08-05,106472.0,34.779998779296875
2022-08-08,108402.0,34.79999923706055
2022-08-09,108651.0,35.150001525878906
2022-08-10,110236.0,35.900001525878906
2022-08-11,109718.0,36.720001220703125
2022-08-12,112764.0,36.72999954223633
2022-08-15,113032.0,36.20000076293945
2022-08-16,113512.0,36.220001220703125
2022-08-17,113708.0,36.099998474121094
2022-08-18,113813.0,36.18000030517578
2022-08-19,111496.0,36.40999984741211
2022-08-22,110501.0,36.959999084472656
2022-08-23,112857.0,37.060001373291016
2022-08-24,112898.0,37.290000915527344
2022-08-25,113532.0,37.08000183105469
2022-08-26,112299.0,37.2599983215332
2022-08-29,112323.0,37.380001068115234
2022-08-30,110431.0,36.63999938964844
2022-08-31,109523.0,36.15999984741211
2022-09-01,110405.0,35.41999816894531
2022-09-02,110864.0,35.43000030517578
2022-09-06,109764.0,34.75
2022-09-08,109916.0,34.5
2022-09-09,112300.0,35.22999954223633
2022-09-12,113407.0,36.0099983215332
2022-09-13,110794.0,35.849998474121094
2022-09-14,110547.0,36.209999084472656
2022-09-15,109954.0,35.0099983215332
2022-09-16,109280.0,34.70000076293945
2022-09-19,111824.0,34.810001373291016
2022-09-20,112517.0,34.84000015258789
2022-09-21,111936.0,34.77000045776367
2022-09-22,114070.0,34.45000076293945
2022-09-23,111716.0,33.20000076293945
2022-09-26,109114.0,32.54999923706055
2022-09-27,108376.0,32.560001373291016
2022-09-28,108451.0,33.41999816894531
2022-09-29,107664.0,33.33000183105469
2022-09-30,110037.0,32.90999984741211
2022-10-03,116134.0,33.47999954223633
2022-10-04,116230.0,34.310001373291016
2022-10-05,117198.0,34.7400016784668
2022-10-06,117561.0,34.72999954223633
2022-10-07,116375.0,34.709999084472656
2022-10-10,115941.0,34.40999984741211
2022-10-11,114827.0,34.09000015258789
2022-10-13,114300.0,34.38999938964844
2022-10-14,112072.0,33.70000076293945
2022-10-17,113624.0,33.41999816894531
2022-10-18,115743.0,33.08000183105469
2022-10-19,116274.0,32.84000015258789
2022-10-20,117171.0,32.90999984741211
2022-10-21,119929.0,32.9900016784668
2022-10-24,116013.0,33.04999923706055
2022-10-25,114626.0,33.41999816894531
2022-10-26,112764.0,33.869998931884766
2022-10-27,114641.0,33.560001373291016
2022-10-28,114539.0,33.27000045776367
2022-10-31,116037.0,33.52000045776367
2022-11-01,116929.0,33.84000015258789
2022-11-03,116896.0,33.68000030517578
2022-11-04,118155.0,35.130001068115234
2022-11-07,115342.0,35.099998474121094
2022-11-08,116160.0,34.7599983215332
2022-11-09,113580.0,34.029998779296875
2022-11-10,109775.0,34.5
2022-11-11,112253.0,34.970001220703125
2022-11-14,113161.0,34.86000061035156
2022-11-16,110243.0,34.810001373291016
2022-11-17,109703.0,34.400001525878906
2022-11-18,108880.0,34.22999954223633
2022-11-21,109748.0,34.369998931884766
2022-11-22,109037.0,34.83000183105469
2022-11-23,108683.0,34.81999969482422
2022-11-25,108977.0,34.380001068115234
2022-11-28,108782.0,34.11000061035156
2022-11-29,110910.0,34.40999984741211
2022-11-30,112486.0,34.86000061035156
2022-12-01,110926.0,34.7599983215332
2022-12-02,111924.0,34.119998931884766
2022-12-05,109401.0,33.0099983215332
2022-12-06,109533.0,32.56999969482422
2022-12-07,109361.0,32.97999954223633
2022-12-08,107245.0,33.04999923706055
2022-12-09,107689.0,33.22999954223633
2022-12-12,105264.0,33.599998474121094
2022-12-13,103892.0,34.349998474121094
2022-12-14,103803.0,34.2599983215332
2022-12-15,103738.0,33.959999084472656
2022-12-16,102825.0,33.619998931884766
2022-12-19,104530.0,33.25
2022-12-20,106979.0,33.400001525878906
2022-12-21,107313.0,33.84000015258789
2022-12-22,107317.0,33.279998779296875
2022-12-23,109698.0,33.650001525878906
2022-12-27,108347.0,34.04999923706055
2022-12-28,110237.0,33.650001525878906
2022-12-29,110031.0,33.63999938964844
2023-01-03,104166.0,32.93000030517578
2023-01-04,105334.0,32.2599983215332
2023-01-05,107518.0,31.889999389648438
2023-01-06,108836.0,32.189998626708984
2023-01-09,109227.0,32.45000076293945
2023-01-10,110912.0,32.349998474121094
2023-01-11,111763.0,32.65999984741211
2023-01-12,111877.0,33.13999938964844
2023-01-13,110916.0,33.400001525878906
2023-01-17,111439.0,33.63999938964844
2023-01-18,112452.0,33.290000915527344
2023-01-19,113006.0,33.47999954223633
2023-01-20,112301.0,33.540000915527344
2023-01-23,111709.0,33.689998626708984
2023-01-24,113028.0,33.5099983215332
2023-01-25,114195.0,33.47999954223633
2023-01-26,114109.0,33.689998626708984
2023-01-27,112502.0,33.45000076293945
2023-01-30,111888.0,33.09000015258789
2023-01-31,113532.0,33.5099983215332
2023-02-01,112303.0,32.880001068115234
2023-02-02,109935.0,32.65999984741211
2023-02-03,108490.0,31.850000381469727
2023-02-06,108456.0,31.809999465942383
2023-02-07,107920.0,32.369998931884766
2023-02-08,109882.0,32.2599983215332
2023-02-09,107783.0,32.15999984741211
2023-02-10,108150.0,32.54999923706055
2023-02-13,108846.0,32.380001068115234
2023-02-14,107659.0,32.59000015258789
2023-02-15,109442.0,32.11000061035156
2023-02-16,109905.0,32.04999923706055
2023-02-17,109303.0,31.780000686645508
2023-02-22,107152.0,31.6299991607666
2023-02-23,107720.0,31.700000762939453
2023-02-24,105873.0,31.469999313354492
2023-02-27,105711.0,31.549999237060547
2023-02-28,104932.0,31.600000381469727
2023-03-01,104385.0,32.13999938964844
2023-03-02,103326.0,31.969999313354492
2023-03-03,103866.0,32.459999084472656
2023-03-06,104700.0,32.13999938964844
2023-03-07,104228.0,31.510000228881836
2023-03-08,106540.0,31.360000610351562
2023-03-09,105071.0,30.93000030517578
2023-03-10,103618.0,31.149999618530273
2023-03-13,103121.0,31.309999465942383
2023-03-14,102932.0,31.030000686645508
2023-03-15,102675.0,30.5
2023-03-16,103435.0,30.579999923706055
2023-03-17,101982.0,30.5
2023-03-20,100923.0,30.530000686645508
2023-03-21,100998.0,30.549999237060547
2023-03-22,100221.0,30.530000686645508
2023-03-23,97926.0,30.40999984741211
2023-03-24,98829.0,30.670000076293945
2023-03-27,99670.0,31.020000457763672
2023-03-28,101185.0,31.200000762939453
2023-03-29,101793.0,31.059999465942383
2023-03-30,103713.0,31.190000534057617
2023-03-31,101882.0,31.59000015258789
2023-04-03,101506.0,31.940000534057617
2023-04-04,101869.0,31.93000030517578
2023-04-05,100978.0,31.950000762939453
2023-04-06,100822.0,31.829999923706055
2023-04-10,101847.0,31.889999389648438
2023-04-11,106214.0,32.209999084472656
2023-04-12,106890.0,32.34000015258789
2023-04-13,106458.0,32.43000030517578
2023-04-14,106279.0,32.470001220703125
2023-04-17,106016.0,32.5099983215332
2023-04-18,106163.0,32.689998626708984
2023-04-19,103913.0,32.22999954223633
2023-04-20,104367.0,31.889999389648438
2023-04-24,103947.0,31.790000915527344
2023-04-25,103220.0,31.389999389648438
2023-04-26,102312.0,30.950000762939453
2023-04-27,102923.0,30.979999542236328
2023-04-28,104432.0,31.290000915527344
2023-05-02,101927.0,30.6299991607666
2023-05-03,101797.0,30.329999923706055
2023-05-04,102174.0,30.3700008392334
2023-05-05,105148.0,30.84000015258789
2023-05-08,106042.0,31.030000686645508
2023-05-09,107114.0,31.040000915527344
2023-05-10,107448.0,30.780000686645508
2023-05-11,108256.0,30.260000228881836
2023-05-12,108464.0,30.239999771118164
2023-05-15,109029.0,30.639999389648438
2023-05-16,108194.0,30.209999084472656
2023-05-17,109460.0,30.399999618530273
2023-05-18,110108.0,30.239999771118164
2023-05-19,110745.0,30.280000686645508
2023-05-22,110213.0,30.149999618530273
2023-05-23,109929.0,30.059999465942383
2023-05-24,108800.0,30.049999237060547
2023-05-25,110054.0,29.6200008392334
2023-05-26,110906.0,29.950000762939453
2023-05-30,108967.0,29.420000076293945
2023-05-31,108335.0,29.260000228881836
2023-06-01,110565.0,29.639999389648438
2023-06-02,112558.0,29.950000762939453
2023-06-05,112696.0,29.979999542236328
2023-06-06,114610.0,30.09000015258789
2023-06-07,115488.0,30.190000534057617
2023-06-09,117019.0,30.290000915527344
2023-06-12,117336.0,30.010000228881836
2023-06-13,116743.0,30.350000381469727
2023-06-14,119069.0,30.420000076293945
2023-06-15,119221.0,31.229999542236328
2023-06-16,118758.0,31.780000686645508
2023-06-20,119622.0,31.290000915527344
2023-06-21,120420.0,31.670000076293945
2023-06-22,118934.0,31.170000076293945
2023-06-23,118977.0,30.850000381469727
2023-06-26,118243.0,30.940000534057617
2023-06-27,117523.0,30.489999771118164
2023-06-28,116681.0,30.1200008392334
2023-06-29,118383.0,30.149999618530273
2023-06-30,118087.0,30.56999969482422
2023-07-03,119673.0,30.6200008392334
2023-07-05,119549.0,30.770000457763672
2023-07-06,117426.0,30.639999389648438
2023-07-07,118898.0,30.780000686645508
2023-07-10,117942.0,30.8700008392334
2023-07-11,117220.0,31.209999084472656
2023-07-12,117666.0,31.34000015258789
2023-07-13,119264.0,31.780000686645508
2023-07-14,117711.0,31.68000030517578
2023-07-17,118219.0,31.399999618530273
2023-07-18,117841.0,31.84000015258789
2023-07-19,117552.0,32.119998931884766
2023-07-20,118083.0,32.29999923706055
2023-07-21,120217.0,32.29999923706055
2023-07-24,121342.0,32.86000061035156
2023-07-25,122008.0,33.11000061035156
2023-07-26,122560.0,32.880001068115234
2023-07-27,119990.0,32.58000183105469
2023-07-28,120187.0,32.72999954223633
2023-07-31,121943.0,32.790000915527344
2023-08-01,121248.0,32.599998474121094
2023-08-02,120859.0,31.989999771118164
2023-08-03,120586.0,32.220001220703125
2023-08-04,119508.0,32.29999923706055
2023-08-07,119380.0,32.31999969482422
2023-08-08,119090.0,32.29999923706055
2023-08-09,118409.0,32.56999969482422
2023-08-10,118350.0,32.279998779296875
2023-08-11,118065.0,32.20000076293945
2023-08-14,116810.0,32.040000915527344
2023-08-15,116171.0,31.59000015258789
2023-08-16,115592.0,31.450000762939453
2023-08-17,114982.0,31.59000015258789
2023-08-18,115409.0,31.809999465942383
2023-08-21,114429.0,31.770000457763672
2023-08-22,116156.0,31.690000534057617
2023-08-23,118135.0,31.8700008392334
2023-08-24,117026.0,31.979999542236328
2023-08-25,115837.0,32.31999969482422
2023-08-28,117121.0,32.310001373291016
2023-08-29,118404.0,32.369998931884766
2023-08-30,117535.0,32.5099983215332
2023-08-31,115742.0,32.470001220703125
2023-09-01,117893.0,32.72999954223633
2023-09-05,117331.0,32.7400016784668
2023-09-06,115985.0,32.650001525878906
2023-09-08,115313.0,32.529998779296875
2023-09-11,116883.0,32.77000045776367
2023-09-12,117968.0,32.81999969482422
2023-09-13,118176.0,32.90999984741211
2023-09-14,119392.0,33.13999938964844
2023-09-15,118758.0,33.08000183105469
2023-09-18,118288.0,33.09000015258789
2023-09-19,117846.0,33.11000061035156
2023-09-20,118695.0,32.83000183105469
2023-09-21,116145.0,32.59000015258789
2023-09-22,116009.0,32.689998626708984
2023-09-25,115925.0,32.47999954223633
2023-09-26,114193.0,32.349998474121094
2023-09-27,114327.0,32.5
2023-09-28,115731.0,32.58000183105469
2023-09-29,116565.0,32.13999938964844
2023-10-02,115057.0,31.829999923706055
2023-10-03,113419.0,31.75
2023-10-04,113607.0,31.110000610351562
2023-10-05,113284.0,31.110000610351562
2023-10-06,114170.0,31.389999389648438
2023-10-09,115156.0,31.959999084472656
2023-10-10,116737.0,31.84000015258789
2023-10-11,117051.0,31.68000030517578
2023-10-13,115754.0,32.43000030517578
2023-10-16,116534.0,32.27000045776367
2023-10-17,115908.0,32.290000915527344
2023-10-18,114060.0,32.599998474121094
2023-10-19,114004.0,32.810001373291016
2023-10-20,113155.0,32.599998474121094
2023-10-23,112785.0,32.29999923706055
2023-10-24,113762.0,32.2400016784668
2023-10-25,112830.0,32.36000061035156
2023-10-26,114777.0,32.2599983215332
2023-10-27,113301.0,32.619998931884766
2023-10-30,112532.0,32.20000076293945
2023-10-31,113144.0,32.29999923706055
2023-11-01,115053.0,32.150001525878906
2023-11-03,118160.0,32.470001220703125
2023-11-06,118487.0,32.439998626708984
2023-11-07,119268.0,31.81999969482422
2023-11-08,119099.0,31.5
2023-11-09,119012.0,31.350000381469727
2023-11-10,120636.0,31.25
2023-11-13,120376.0,31.899999618530273
2023-11-14,123328.0,31.8700008392334
2023-11-16,124576.0,31.260000228881836
2023-11-17,125062.0,31.3799991607666
2023-11-20,126095.0,31.649999618530273
2023-11-21,125607.0,31.760000228881836
2023-11-22,126035.0,31.530000686645508
2023-11-24,125542.0,31.290000915527344
2023-11-27,125683.0,31.110000610351562
2023-11-28,126538.0,31.440000534057617
2023-11-29,126101.0,31.600000381469727
2023-11-30,127331.0,31.34000015258789
2023-12-01,128103.0,31.260000228881836
2023-12-04,126803.0,30.799999237060547
2023-12-05,126903.0,30.6299991607666
2023-12-06,125623.0,29.8799991607666
2023-12-07,126010.0,30.06999969482422
2023-12-08,127094.0,30.06999969482422
2023-12-11,126916.0,29.90999984741211
2023-12-12,126403.0,29.540000915527344
2023-12-13,129465.0,29.90999984741211
2023-12-14,130842.0,30.399999618530273
2023-12-15,130197.0,30.420000076293945
2023-12-18,131084.0,30.559999465942383
2023-12-19,131851.0,30.829999923706055
2023-12-20,130804.0,30.440000534057617
2023-12-21,132182.0,30.56999969482422
2023-12-22,132753.0,30.600000381469727
2023-12-26,133533.0,30.899999618530273
2023-12-27,134194.0,30.93000030517578
2023-12-28,134185.0,30.690000534057617
2024-01-02,132697.0,30.18000030517578
2024-01-03,132834.0,30.43000030517578
2024-01-04,131226.0,30.3700008392334
2024-01-05,132023.0,30.40999984741211
2024-01-08,132427.0,30.059999465942383
2024-01-09,131447.0,30.34000015258789
2024-01-10,130841.0,30.010000228881836
2024-01-11,130649.0,30.200000762939453
2024-01-12,130988.0,30.270000457763672
2024-01-16,129294.0,30.0
2024-01-17,128524.0,29.790000915527344
2024-01-18,127316.0,30.040000915527344
2024-01-19,127636.0,29.899999618530273
2024-01-22,126602.0,29.889999389648438
2024-01-23,128263.0,30.219999313354492
2024-01-24,127816.0,30.489999771118164
2024-01-25,128169.0,30.579999923706055
2024-01-26,128967.0,30.639999389648438
2024-01-29,128503.0,30.34000015258789
2024-01-30,127402.0,30.690000534057617
2024-01-31,127752.0,30.510000228881836
2024-02-01,128481.0,30.1299991607666
2024-02-02,127182.0,29.8700008392334
2024-02-05,127593.0,29.809999465942383
2024-02-06,130416.0,29.90999984741211
2024-02-07,129608.0,29.889999389648438
2024-02-08,128217.0,30.010000228881836
2024-02-09,128026.0,29.969999313354492
2024-02-14,127018.0,29.40999984741211
2024-02-15,127804.0,29.59000015258789
2024-02-16,128726.0,29.780000686645508
2024-02-20,129916.0,29.68000030517578
2024-02-21,130032.0,29.950000762939453
2024-02-22,130241.0,29.850000381469727
2024-02-23,129419.0,29.530000686645508
2024-02-26,129609.0,29.700000762939453
2024-02-27,131689.0,29.920000076293945
2024-02-28,130155.0,29.950000762939453
2024-02-29,129020.0,29.940000534057617
2024-03-01,129180.0,30.139999389648438
2024-03-04,128341.0,30.360000610351562
2024-03-05,128098.0,30.229999542236328
2024-03-06,128890.0,30.3700008392334
2024-03-07,128340.0,30.579999923706055
2024-03-08,127071.0,30.510000228881836
2024-03-11,126124.0,30.639999389648438
2024-03-12,127668.0,30.600000381469727
2024-03-13,128006.0,30.90999984741211
2024-03-14,127690.0,30.940000534057617
2024-03-15,126742.0,31.010000228881836
2024-03-18,126954.0,31.190000534057617
2024-03-19,127529.0,31.110000610351562
2024-03-20,129125.0,31.200000762939453
2024-03-21,128159.0,31.079999923706055
2024-03-22,127027.0,30.850000381469727
2024-03-25,126931.0,31.049999237060547
2024-03-26,126863.0,30.829999923706055
2024-03-27,127691.0,30.729999542236328
2024-03-28,128106.0,31.100000381469727
2024-04-01,126990.0,31.3700008392334
2024-04-02,127549.0,31.649999618530273
2024-04-03,127318.0,32.119998931884766
2024-04-04,127428.0,32.130001068115234
2024-04-05,126795.0,32.36000061035156
2024-04-08,128857.0,32.47999954223633
2024-04-09,129890.0,32.4900016784668
2024-04-10,128054.0,32.439998626708984
2024-04-11,127396.0,32.349998474121094
2024-04-12,125946.0,32.349998474121094
2024-04-15,125334.0,32.540000915527344
2024-04-16,124389.0,32.40999984741211
2024-04-17,124171.0,32.15999984741211
2024-04-18,124196.0,32.150001525878906
2024-04-19,125124.0,32.4900016784668
2024-04-22,125573.0,32.45000076293945
2024-04-23,125148.0,32.47999954223633
2024-04-24,124741.0,32.40999984741211
2024-04-25,124646.0,32.54999923706055
2024-04-26,126526.0,32.529998779296875
2024-04-29,127352.0,32.68000030517578
2024-04-30,125924.0,32.0099983215332
2024-05-02,127122.0,31.81999969482422
2024-05-03,128509.0,32.0
2024-05-06,128466.0,32.439998626708984
2024-05-07,129210.0,32.380001068115234
2024-05-08,129481.0,32.22999954223633
2024-05-09,128188.0,32.4900016784668
2024-05-10,127600.0,32.529998779296875
2024-05-13,128155.0,32.75
2024-05-14,128515.0,32.689998626708984
2024-05-15,128028.0,32.959999084472656
2024-05-16,128284.0,33.040000915527344
2024-05-17,128151.0,33.75
2024-05-20,127751.0,34.150001525878906
2024-05-21,127412.0,34.130001068115234
2024-05-22,125650.0,33.7400016784668
2024-05-23,124729.0,33.40999984741211
2024-05-24,124306.0,33.439998626708984
2024-05-28,123780.0,34.08000183105469
2024-05-29,122707.0,33.560001373291016
2024-05-31,122098.0,32.70000076293945
2024-06-03,122032.0,32.63999938964844
2024-06-04,121802.0,32.11000061035156
2024-06-05,121407.0,32.38999938964844
2024-06-06,122899.0,32.939998626708984
2024-06-07,120767.0,32.22999954223633
2024-06-10,120760.0,32.619998931884766
2024-06-11,121635.0,32.68000030517578
2024-06-12,119936.0,32.75
2024-06-13,119568.0,32.599998474121094
2024-06-14,119662.0,32.58000183105469
2024-06-17,119138.0,32.40999984741211
2024-06-18,119630.0,32.709999084472656
2024-06-20,120446.0,32.720001220703125
2024-06-21,121341.0,32.310001373291016
2024-06-24,122637.0,32.650001525878906
2024-06-25,122331.0,32.189998626708984
2024-06-26,122641.0,32.060001373291016
2024-06-27,124308.0,32.2400016784668
2024-06-28,123907.0,32.060001373291016
2024-07-01,124718.0,32.29999923706055
2024-07-02,124787.0,32.279998779296875
2024-07-03,125662.0,32.560001373291016
2024-07-05,126267.0,32.75
2024-07-08,126548.0,32.29999923706055
2024-07-09,127108.0,32.040000915527344
2024-07-10,127218.0,31.989999771118164
2024-07-11,128294.0,32.150001525878906
2024-07-12,128897.0,32.060001373291016
2024-07-15,129321.0,31.65999984741211
2024-07-16,129110.0,31.729999542236328
2024-07-17,129450.0,31.610000610351562
2024-07-18,127652.0,31.299999237060547
2024-07-19,127616.0,30.8799991607666
2024-07-22,127860.0,31.18000030517578
2024-07-23,126590.0,31.020000457763672
2024-07-24,126423.0,30.760000228881836
2024-07-25,125954.0,30.68000030517578
2024-07-26,127492.0,30.3799991607666
2024-07-29,126954.0,30.219999313354492
2024-07-30,126139.0,30.219999313354492
2024-07-31,127652.0,30.729999542236328
2024-08-01,127395.0,30.299999237060547
2024-08-02,125854.0,30.059999465942383
2024-08-05,125270.0,29.799999237060547
2024-08-06,126267.0,29.770000457763672
2024-08-07,127514.0,29.959999084472656
2024-08-08,128661.0,30.219999313354492
2024-08-09,130615.0,30.280000686645508
2024-08-12,131116.0,30.709999084472656
2024-08-13,132398.0,30.329999923706055
2024-08-14,133318.0,30.309999465942383
2024-08-15,134153.0,30.469999313354492
2024-08-16,133953.0,30.469999313354492
2024-08-19,135778.0,30.610000610351562
2024-08-20,136087.0,30.59000015258789
2024-08-21,136464.0,30.540000915527344
2024-08-22,135173.0,30.229999542236328
2024-08-23,135608.0,30.709999084472656
2024-08-26,136889.0,30.940000534057617
2024-08-27,136776.0,31.0
2024-08-28,137344.0,30.649999618530273
2024-08-29,136041.0,30.8799991607666
2024-08-30,136004.0,30.610000610351562
2024-09-03,134353.0,30.270000457763672
2024-09-04,136111.0,30.139999389648438
2024-09-05,136502.0,30.299999237060547
2024-09-06,134572.0,29.790000915527344
2024-09-09,134737.0,29.90999984741211
2024-09-10,134320.0,29.56999969482422
2024-09-11,134677.0,29.93000030517578
2024-09-12,134029.0,30.540000915527344
2024-09-13,134882.0,30.68000030517578
2024-09-16,135118.0,30.920000076293945
2024-09-17,134960.0,31.049999237060547
2024-09-18,133748.0,30.850000381469727
2024-09-19,133123.0,31.34000015258789
2024-09-20,131065.0,31.510000228881836
2024-09-23,130568.0,31.81999969482422
2024-09-24,132156.0,32.34000015258789
2024-09-25,131586.0,32.25
2024-09-26,133010.0,32.119998931884766
2024-09-27,132730.0,32.33000183105469
2024-09-30,131816.0,32.2400016784668
2024-10-01,132495.0,32.65999984741211
2024-10-02,133515.0,32.880001068115234
2024-10-03,131672.0,33.04999923706055
2024-10-04,131792.0,32.970001220703125
2024-10-07,132018.0,33.02000045776367
2024-10-08,131512.0,32.33000183105469
2024-10-09,129962.0,32.0099983215332
2024-10-10,130353.0,32.52000045776367
2024-10-11,129992.0,32.52000045776367
2024-10-14,131005.0,32.029998779296875
2024-10-15,131043.0,31.700000762939453
2024-10-16,131750.0,31.600000381469727
2024-10-17,130793.0,31.639999389648438
2024-10-18,130499.0,31.670000076293945
2024-10-21,130362.0,31.790000915527344
2024-10-22,129721.0,32.27000045776367
2024-10-23,129233.0,32.18000030517578
2024-10-24,130067.0,32.29999923706055
2024-10-25,129893.0,32.31999969482422
2024-10-28,131213.0,31.690000534057617
2024-10-29,130730.0,31.75
2024-10-30,130639.0,31.8799991607666
2024-10-31,129713.0,31.75
2024-11-01,128121.0,31.5
2024-11-04,130515.0,31.959999084472656
2024-11-05,130661.0,31.950000762939453
2024-11-06,130341.0,31.579999923706055
2024-11-07,129682.0,32.130001068115234
2024-11-08,127830.0,31.6200008392334
2024-11-11,127874.0,31.3700008392334
2024-11-12,127698.0,31.139999389648438
2024-11-13,127734.0,31.06999969482422
2024-11-14,127792.0,30.84000015258789
2024-11-18,127768.0,31.520000457763672
2024-11-19,128197.0,31.600000381469727
2024-11-21,126922.0,32.0099983215332
2024-11-22,129126.0,32.0099983215332
2024-11-25,129036.0,31.770000457763672
2024-11-26,129922.0,31.81999969482422
2024-11-27,127669.0,31.559999465942383
2024-11-29,125668.0,31.729999542236328
2024-12-02,125236.0,31.350000381469727
2024-12-03,126139.0,31.459999084472656
2024-12-04,126087.0,31.440000534057617
2024-12-05,127858.0,31.489999771118164
2024-12-06,125946.0,31.489999771118164
2024-12-09,127210.0,31.829999923706055
2024-12-10,128228.0,31.979999542236328
2024-12-11,129593.0,32.31999969482422
2024-12-12,126042.0,32.119998931884766
2024-12-13,124612.0,31.899999618530273
2024-12-16,123560.0,31.75
2024-12-17,124698.0,31.559999465942383
2024-12-18,120772.0,31.149999618530273
2024-12-19,121188.0,31.190000534057617
2024-12-20,122102.0,31.549999237060547
2024-12-23,120767.0,31.59000015258789
2024-12-26,121078.0,31.75
2024-12-27,120269.0,31.770000457763672
2024-12-30,120283.0,32.04999923706055
2025-01-02,120125.0,32.380001068115234
2025-01-03,118533.0,32.0
2025-01-06,120022.0,32.22999954223633
2025-01-07,121163.0,32.33000183105469
2025-01-08,119625.0,32.41999816894531
2025-01-10,118856.0,33.529998779296875
2025-01-13,119007.0,33.70000076293945
2025-01-14,119299.0,33.65999984741211
2025-01-15,122650.0,34.25
2025-01-16,121234.0,34.20000076293945
2025-01-17,122350.0,33.91999816894531
2025-01-21,123338.0,33.91999816894531
2025-01-22,122972.0,33.970001220703125
2025-01-23,122483.0,33.90999984741211
2025-01-24,122447.0,33.84000015258789
2025-01-27,124862.0,33.31999969482422
2025-01-28,124056.0,33.36000061035156
2025-01-29,123432.0,33.650001525878906
2025-01-30,126913.0,33.720001220703125
2025-01-31,126135.0,33.59000015258789
2025-02-03,125970.0,34.040000915527344
2025-02-04,125147.0,34.18000030517578
2025-02-05,125534.0,34.209999084472656
2025-02-06,126225.0,34.290000915527344
2025-02-07,124619.0,34.29999923706055
2025-02-10,125572.0,34.790000915527344
2025-02-11,126522.0,34.79999923706055
2025-02-12,124380.0,34.689998626708984
2025-02-13,124850.0,34.9900016784668
2025-02-14,128219.0,34.90999984741211
2025-02-18,128532.0,35.45000076293945
2025-02-19,127309.0,35.709999084472656
2025-02-20,127601.0,35.630001068115234
2025-02-21,127128.0,35.279998779296875
2025-02-24,125401.0,35.0
2025-02-25,125980.0,34.7400016784668
2025-02-26,124769.0,34.5099983215332
2025-02-27,124799.0,34.2599983215332
2025-02-28,122799.0,33.90999984741211
2025-03-05,123047.0,34.529998779296875
2025-03-06,123358.0,34.41999816894531
2025-03-07,125035.0,34.59000015258789
2025-03-10,124519.0,34.470001220703125
2025-03-11,123507.0,34.61000061035156
2025-03-12,123864.0,34.47999954223633
2025-03-13,125637.0,34.59000015258789
2025-03-14,128957.0,34.630001068115234
2025-03-17,130834.0,34.869998931884766
2025-03-18,131475.0,34.880001068115234
2025-03-19,132508.0,35.130001068115234
2025-03-20,131955.0,35.02000045776367
2025-03-21,132345.0,34.790000915527344
2025-03-24,131321.0,34.7599983215332
2025-03-25,132068.0,34.84000015258789
2025-03-26,132520.0,34.790000915527344
2025-03-27,133149.0,34.95000076293945
2025-03-28,131902.0,35.0099983215332
2025-03-31,130260.0,35.310001373291016
2025-04-01,131147.0,35.369998931884766
2025-04-02,131190.0,35.529998779296875
2025-04-03,131141.0,34.47999954223633
2025-04-04,127256.0,32.93000030517578
2025-04-07,125588.0,32.290000915527344
2025-04-08,123932.0,31.75
2025-04-09,127796.0,33.11000061035156
2025-04-10,126355.0,32.81999969482422
2025-04-11,127682.0,33.52000045776367
2025-04-14,129454.0,33.380001068115234
2025-04-15,129245.0,33.349998474121094
2025-04-16,128317.0,33.86000061035156
2025-04-17,129650.0,34.029998779296875
2025-04-22,130464.0,33.88999938964844
2025-04-23,132216.0,33.7400016784668
2025-04-24,134580.0,34.099998474121094
2025-04-25,134739.0,34.02000045776367
2025-04-28,135016.0,34.16999816894531
2025-04-29,135093.0,33.790000915527344
2025-04-30,135067.0,33.279998779296875
2025-05-02,135134.0,33.619998931884766
2025-05-05,133491.0,33.4900016784668
2025-05-06,133516.0,33.869998931884766
2025-05-07,133398.0,33.4900016784668
2025-05-08,136232.0,33.630001068115234
2025-05-09,136512.0,34.040000915527344
2025-05-12,136563.0,33.93000030517578
2025-05-13,138963.0,34.2400016784668
2025-05-14,138423.0,33.869998931884766
2025-05-15,139334.0,33.70000076293945
2025-05-16,139187.0,33.36000061035156
2025-05-19,139636.0,33.33000183105469
2025-05-20,140110.0,33.959999084472656
2025-05-21,137881.0,34.0
2025-05-22,137273.0,33.77000045776367
2025-05-23,137824.0,34.099998474121094
2025-05-27,139541.0,33.84000015258789
2025-05-28,138888.0,33.41999816894531
2025-05-29,138534.0,33.380001068115234
2025-05-30,137027.0,33.08000183105469
2025-06-02,136787.0,33.959999084472656
2025-06-03,137546.0,33.9900016784668
2025-06-04,137002.0,34.040000915527344
2025-06-05,136236.0,34.13999938964844
2025-06-06,136102.0,34.36000061035156
2025-06-09,135699.0,34.349998474121094
2025-06-10,136436.0,34.15999984741211
2025-06-11,137128.0,34.369998931884766
2025-06-12,137800.0,34.439998626708984
2025-06-13,137213.0,35.150001525878906
2025-06-16,139256.0,35.27000045776367
2025-06-17,138840.0,35.77000045776367
2025-06-18,138717.0,35.93000030517578
2025-06-20,137116.0,35.810001373291016
2025-06-23,136551.0,34.970001220703125
2025-06-24,137165.0,34.2400016784668
2025-06-25,135767.0,34.09000015258789
2025-06-26,137114.0,34.18000030517578
2025-06-27,136866.0,34.2400016784668
2025-06-30,138855.0,33.97999954223633
2025-07-01,139549.0,34.02000045776367
2025-07-02,139051.0,34.61000061035156
2025-07-03,140928.0,34.54999923706055
2025-07-07,139490.0,34.2599983215332
2025-07-08,139303.0,34.43000030517578
2025-07-09,137481.0,34.349998474121094
2025-07-10,136743.0,34.52000045776367
2025-07-11,136187.0,34.81999969482422
2025-07-14,135299.0,34.630001068115234
2025-07-15,135250.0,34.650001525878906
2025-07-16,135511.0,34.83000183105469
2025-07-17,135565.0,35.02000045776367
2025-07-18,133382.0,35.2599983215332
2025-07-21,134167.0,35.06999969482422
2025-07-22,134036.0,35.119998931884766
2025-07-23,135368.0,34.970001220703125
2025-07-24,133808.0,34.97999954223633
2025-07-25,133524.0,34.59000015258789
2025-07-28,132129.0,34.599998474121094
2025-07-29,132726.0,34.83000183105469
2025-07-30,133990.0,33.959999084472656
2025-07-31,133071.0,33.7599983215332
2025-08-01,132437.0,33.61000061035156
2025-08-04,132971.0,33.540000915527344
2025-08-05,133151.0,33.439998626708984
2025-08-06,134538.0,33.5099983215332
2025-08-07,136528.0,33.63999938964844
2025-08-08,135913.0,33.58000183105469
2025-08-11,135623.0,33.58000183105469
2025-08-12,137914.0,33.439998626708984
2025-08-13,136687.0,33.5
2025-08-14,136356.0,33.439998626708984
2025-08-15,136341.0,33.56999969482422
2025-08-18,137322.0,33.540000915527344
2025-08-19,134432.0,33.22999954223633
2025-08-20,134667.0,33.5099983215332
2025-08-21,134511.0,33.849998474121094
2025-08-22,137968.0,34.029998779296875
2025-08-25,138025.0,34.040000915527344
2025-08-26,137771.0,33.939998626708984
2025-08-27,139206.0,33.959999084472656
2025-08-28,141049.0,34.18000030517578
2025-08-29,141422.0,34.529998779296875
2025-09-02,140335.0,34.86000061035156
2025-09-03,139864.0,34.709999084472656
2025-09-04,140993.0,34.540000915527344
2025-09-05,142640.0,34.400001525878906
2025-09-08,141792.0,34.689998626708984
2025-09-09,141618.0,34.63999938964844
2025-09-10,142349.0,34.75
2025-09-11,143151.0,34.65999984741211
2025-09-12,142272.0,34.880001068115234
2025-09-15,143547.0,35.31999969482422
2025-09-16,144062.0,35.599998474121094
2025-09-17,145594.0,35.029998779296875
2025-09-18,145500.0,34.849998474121094
2025-09-19,145865.0,34.68000030517578
2025-09-22,145109.0,34.709999084472656
2025-09-23,146425.0,34.939998626708984
2025-09-24,146492.0,35.09000015258789
2025-09-25,145306.0,35.36000061035156
2025-09-26,145447.0,35.380001068115234
2025-09-29,146337.0,35.439998626708984
2025-09-30,146237.0,35.439998626708984
2025-10-01,145517.0,35.61000061035156
2025-10-02,143950.0,35.45000076293945
2025-10-03,144201.0,35.59000015258789
2025-10-06,143608.0,35.90999984741211
2025-10-07,141356.0,36.06999969482422
2025-10-08,142145.0,36.209999084472656
2025-10-09,141708.0,35.81999969482422
2025-10-10,140680.0,35.27000045776367
2025-10-13,141783.0,35.79999923706055
2025-10-14,141683.0,35.63999938964844
2025-10-15,142604.0,35.86000061035156
2025-10-16,142200.0,36.040000915527344
2025-10-17,143399.0,35.869998931884766
2025-10-20,144509.0,36.61000061035156
2025-10-21,144085.0,35.939998626708984
2025-10-22,144873.0,36.16999816894531
2025-10-23,145721.0,36.599998474121094
2025-10-24,146172.0,36.41999816894531
2025-10-27,146969.0,36.22999954223633
2025-10-28,147429.0,35.95000076293945
2025-10-29,148633.0,36.08000183105469
2025-10-30,148780.0,36.31999969482422
2025-10-31,149540.0,36.54999923706055
2025-11-03,150454.0,36.880001068115234
2025-11-04,150704.0,36.5
2025-11-05,153294.0,36.540000915527344
2025-11-06,153339.0,36.470001220703125
2025-11-07,154064.0,36.58000183105469
2025-11-10,155257.0,37.2400016784668
2025-11-11,157749.0,37.599998474121094
2025-11-12,157633.0,37.59000015258789
2025-11-13,157162.0,37.43000030517578
2025-11-14,157739.0,37.150001525878906
2025-11-17,156993.0,37.040000915527344
2025-11-18,156522.0,37.279998779296875
2025-11-19,155381.0,37.13999938964844
2025-11-21,154770.0,36.599998474121094
2025-11-24,155278.0,36.790000915527344
2025-11-25,155910.0,36.59000015258789
2025-11-26,158555.0,37.150001525878906
2025-11-28,159072.0,37.81999969482422
2025-12-01,158611.0,38.029998779296875
2025-12-02,161092.0,37.81999969482422
2025-12-03,161755.0,37.9900016784668
2025-12-04,164456.0,38.09000015258789
2025-12-05,157369.0,38.43000030517578
2025-12-08,158187.0,37.75
2025-12-09,157981.0,37.5
2025-12-10,159075.0,37.7400016784668
2025-12-11,159189.0,37.84000015258789
2025-12-12,160766.0,37.34000015258789
2025-12-15,162482.0,37.20000076293945
2025-12-16,158578.0,36.810001373291016
2025-12-17,157327.0,37.310001373291016
2025-12-18,157923.0,36.959999084472656
2025-12-19,158473.0,37.209999084472656
2025-12-22,158142.0,37.70000076293945
2025-12-23,160456.0,38.310001373291016
2025-12-26,160897.0,38.86000061035156
2025-12-29,160490.0,37.959999084472656
2025-12-30,161125.0,38.310001373291016
2026-01-02,160539.0,37.66999816894531
2026-01-05,161870.0,38.459999084472656
2026-01-06,163664.0,38.849998474121094
2026-01-07,161975.0,38.529998779296875
2026-01-08,162937.0,38.529998779296875
2026-01-09,163370.0,38.630001068115234
2026-01-12,163150.0,39.2400016784668
2026-01-13,161973.0,39.5
2026-01-14,165146.0,39.63999938964844
2026-01-15,165568.0,39.290000915527344
2026-01-16,164800.0,39.16999816894531
2026-01-20,166277.0,40.0099983215332
2026-01-21,171817.0,40.75
2026-01-22,175589.0,40.79999923706055
2026-01-23,178859.0,41.630001068115234
2026-01-26,178721.0,42.099998474121094
2026-01-27,181919.0,42.709999084472656
2026-01-28,184691.0,43.16999816894531
2026-01-29,183134.0,43.810001373291016
2026-01-30,181364.0,42.459999084472656
2026-02-02,182793.0,40.040000915527344
2026-02-03,185674.0,41.189998626708984
2026-02-04,181708.0,41.38999938964844
2026-02-05,182127.0,40.689998626708984
2026-02-06,182950.0,41.0
2026-02-09,186241.0,41.2400016784668
2026-02-10,185929.0,41.220001220703125
2026-02-11,189699.0,41.47999954223633
2026-02-12,187766.0,40.65999984741211
2026-02-13,186464.0,40.709999084472656
2026-02-18,186016.0,41.040000915527344
2026-02-19,188534.0,41.439998626708984
2026-02-20,190534.0,41.88999938964844
2026-02-23,188854.0,42.029998779296875
2026-02-24,191490.0,41.97999954223633
2026-02-25,191248.0,42.029998779296875
2026-02-26,191005.0,42.119998931884766
2026-02-27,188787.0,42.689998626708984
2026-03-02,189307.0,43.650001525878906
2026-03-03,183105.0,43.63999938964844
2026-03-04,185366.0,43.849998474121094
2026-03-05,180464.0,44.40999984741211
2026-03-06,179365.0,46.38999938964844
2026-03-09,180915.0,45.630001068115234
2026-03-10,183447.0,46.099998474121094
2026-03-11,183969.0,46.81999969482422
2026-03-12,179285.0,47.939998626708984
2026-03-13,177653.0,47.720001220703125
2026-03-16,179875.0,46.849998474121094
2026-03-17,180410.0,47.36000061035156
2026-03-18,179640.0,48.060001373291016
2026-03-19,180271.0,47.310001373291016
2026-03-20,176219.0,47.34000015258789
2026-03-23,181932.0,45.5099983215332
2026-03-24,182509.0,46.189998626708984
2026-03-25,185424.0,46.209999084472656
2026-03-26,182733.0,46.5099983215332
2026-03-27,181557.0,47.72999954223633
2026-03-30,182514.0,48.099998474121094
2026-03-31,187462.0,48.13999938964844
2026-04-01,187953.0,47.619998931884766
2026-04-02,188052.0,48.900001525878906
2026-04-06,188162.0,49.060001373291016
2026-04-07,188259.0,48.880001068115234
2026-04-08,192201.0,46.810001373291016
2026-04-09,195129.0,47.040000915527344
2026-04-10,197324.0,46.72999954223633
2026-04-13,198001.0,47.2599983215332
2026-04-14,198657.0,47.310001373291016
2026-04-15,197738.0,47.27000045776367
2026-04-16,196819.0,47.630001068115234
2026-04-17,195734.0,46.689998626708984
2026-04-20,196132.0,47.150001525878906
2026-04-22,192889.0,48.20000076293945
2026-04-23,191378.0,48.72999954223633
2026-04-24,190745.0,48.56999969482422
2026-04-27,189579.0,48.93000030517578
2026-04-28,188619.0,49.34000015258789
2026-04-29,184750.0,50.2400016784668
2026-04-30,187318.0,50.43000030517578
2026-05-04,185600.0,50.810001373291016
2026-05-05,186754.0,50.540000915527344
2026-05-06,187691.0,49.29999923706055
2026-05-07,183218.0,49.290000915527344
2026-05-08,184108.0,49.34000015258789
2026-05-11,181909.0,50.709999084472656
2026-05-12,180342.0,51.63999938964844
2026-05-13,177098.0,51.29999923706055
2026-05-14,178366.0,50.79999923706055
2026-05-15,177284.0,50.459999084472656
2026-05-18,176976.0,50.970001220703125
2026-05-19,174279.0,51.290000915527344
2026-05-20,177356.0,50.2599983215332
2026-05-21,177650.0,49.84000015258789
2026-05-22,176210.0,49.5
2026-05-26,176589.0,48.91999816894531
2026-05-27,175744.0,48.150001525878906
2026-05-28,175063.0,48.75
2026-05-29,173788.0,48.38999938964844
2026-06-01,172198.0,48.93000030517578
2026-06-02,174198.0,49.119998931884766
2026-06-03,170331.0,49.130001068115234
2026-06-05,169019.0,47.150001525878906
2026-06-08,168669.0,47.2599983215332
2026-06-09,169813.0,46.650001525878906
2026-06-10,168619.0,46.63999938964844
2026-06-11,171497.0,46.2599983215332
2026-06-12,171133.0,45.9900016784668
2026-06-15,170415.0,45.70000076293945
2026-06-16,169649.0,45.5
2026-06-17,168454.0,45.189998626708984
2026-06-18,168278.0,45.0099983215332
2026-06-22,170370.0,44.720001220703125
2026-06-23,171259.0,44.06999969482422
2026-06-24,170507.0,43.15999984741211
2026-06-25,171990.0,43.97999954223633
2026-06-26,173295.0,43.650001525878906
2026-06-29,173205.0,43.29999923706055
2026-06-30,172024.0,43.709999084472656
2026-07-01,171689.0,43.52000045776367
2026-07-02,172788.0,43.59000015258789
2026-07-06,172448.0,44.689998626708984
2026-07-07,172021.0,44.97999954223633
2026-07-08,170654.0,45.54999923706055
2026-07-09,172742.0,45.2599983215332
2026-07-10,177866.0,45.099998474121094
2026-07-13,175739.0,46.04999923706055
2026-07-14,176641.0,46.59000015258789
2026-07-15,176011.0,46.849998474121094
2026-07-16,173825.0,46.290000915527344
2026-07-17,173714.0,47.060001373291016
2026-07-20,173371.0,47.209999084472656
2026-07-21,173326.0,47.900001525878906
2026-07-22,177548.0,48.459999084472656
2026-07-23,176724.0,48.79999923706055
2026-07-24,174042.0,48.4900016784668
2026-07-27,175335.0,47.029998779296875
2026-07-28,176565.0,46.54999923706055
2026-07-29,173885.0,47.400001525878906
2026-07-30,177159.0,47.369998931884766
2026-07-31,177999.0,47.380001068115234
2026-08-03,178000.0,46.66999816894531
2026-08-04,177895.0,45.900001525878906
2026-08-05,177726.0,46.36000061035156
2026-08-06,175546.0,46.75
2026-08-07,172513.0,47.02000045776367
2026-08-10,172180.0,48.4900016784668
2026-08-11,167875.0,48.47999954223633
2026-08-12,167491.0,48.86000061035156
2026-08-13,167101.0,48.16999816894531
2026-08-14,166934.0,48.61000061035156
2026-08-17,166784.0,49.52000045776367
2026-08-18,166335.0,49.38999938964844
2026-08-19,167830.0,49.91999816894531
2026-08-20,167927.0,50.34000015258789
2026-08-21,171032.0,50.619998931884766
2026-08-24,171907.0,50.29999923706055
2026-08-25,174577.0,49.810001373291016
2026-08-26,174586.0,50.15999984741211
2026-08-27,175135.0,50.66999816894531
2026-08-28,175665.0,50.65999984741211
2026-08-31,177419.0,51.349998474121094
2026-09-01,179723.0,52.0099983215332
2026-09-02,185205.0,52.040000915527344
2026-09-03,185188.0,51.970001220703125
2026-09-04,185147.0,51.66999816894531
2026-09-08,187367.0,52.2400016784668
2026-09-09,185629.0,52.63999938964844
2026-09-10,188269.0,53.380001068115234
2026-09-11,187207.0,52.56999969482422
2026-09-14,185501.0,52.84000015258789
2026-09-15,186503.0,53.58000183105469
2026-09-16,185548.0,53.2400016784668
2026-09-17,185992.0,52.939998626708984
2026-09-18,185229.0,52.70000076293945
2026-09-21,186596.0,52.439998626708984
2026-09-22,187423.0,52.63999938964844
2026-09-23,185814.0,52.79999923706055
2026-09-24,183966.0,53.20000076293945
2026-09-25,183477.0,52.779998779296875
2026-09-28,182991.0,51.7400016784668
2026-09-29,183828.0,51.2400016784668
2026-09-30,186340.0,51.52000045776367
2026-10-01,187198.0,51.79999923706055
2026-10-02,192115.0,51.54999923706055
